16:19:55 **** Build of configuration Debug for project Led_Animations ****
make -j22 all 
arm-none-eabi-gcc "../Drivers/STM32F1xx_HAL_Driver/Src/stm32f1xx_hal.c" -mcpu=cortex-m3 -std=gnu11 -g3 -DDEBUG -DUSE_HAL_DRIVER -DSTM32F103x6 -c -I../Core/Inc -I../Drivers/STM32F1xx_HAL_Driver/Inc -I../Drivers/STM32F1xx_HAL_Driver/Inc/Legacy -I../Drivers/CMSIS/Device/ST/STM32F1xx/Include -I../Drivers/CMSIS/Include -O0 -ffunction-sections -fdata-sections -Wall -fstack-usage -MMD -MP -MF"Drivers/STM32F1xx_HAL_Driver/Src/stm32f1xx_hal.d" -MT"Drivers/STM32F1xx_HAL_Driver/Src/stm32f1xx_hal.o" --specs=nano.specs -mfloat-abi=soft -mthumb -o "Drivers/STM32F1xx_HAL_Driver/Src/stm32f1xx_hal.o"
arm-none-eabi-gcc "../Drivers/STM32F1xx_HAL_Driver/Src/stm32f1xx_hal_cortex.c" -mcpu=cortex-m3 -std=gnu11 -g3 -DDEBUG -DUSE_HAL_DRIVER -DSTM32F103x6 -c -I../Core/Inc -I../Drivers/STM32F1xx_HAL_Driver/Inc -I../Drivers/STM32F1xx_HAL_Driver/Inc/Legacy -I../Drivers/CMSIS/Device/ST/STM32F1xx/Include -I../Drivers/CMSIS/Include -O0 -ffunction-sections -fdata-sections -Wall -fstack-usage -MMD -MP -MF"Drivers/STM32F1xx_HAL_Driver/Src/stm32f1xx_hal_cortex.d" -MT"Drivers/STM32F1xx_HAL_Driver/Src/stm32f1xx_hal_cortex.o" --specs=nano.specs -mfloat-abi=soft -mthumb -o "Drivers/STM32F1xx_HAL_Driver/Src/stm32f1xx_hal_cortex.o"
arm-none-eabi-gcc "../Drivers/STM32F1xx_HAL_Driver/Src/stm32f1xx_hal_dma.c" -mcpu=cortex-m3 -std=gnu11 -g3 -DDEBUG -DUSE_HAL_DRIVER -DSTM32F103x6 -c -I../Core/Inc -I../Drivers/STM32F1xx_HAL_Driver/Inc -I../Drivers/STM32F1xx_HAL_Driver/Inc/Legacy -I../Drivers/CMSIS/Device/ST/STM32F1xx/Include -I../Drivers/CMSIS/Include -O0 -ffunction-sections -fdata-sections -Wall -fstack-usage -MMD -MP -MF"Drivers/STM32F1xx_HAL_Driver/Src/stm32f1xx_hal_dma.d" -MT"Drivers/STM32F1xx_HAL_Driver/Src/stm32f1xx_hal_dma.o" --specs=nano.specs -mfloat-abi=soft -mthumb -o "Drivers/STM32F1xx_HAL_Driver/Src/stm32f1xx_hal_dma.o"
arm-none-eabi-gcc "../Drivers/STM32F1xx_HAL_Driver/Src/stm32f1xx_hal_exti.c" -mcpu=cortex-m3 -std=gnu11 -g3 -DDEBUG -DUSE_HAL_DRIVER -DSTM32F103x6 -c -I../Core/Inc -I../Drivers/STM32F1xx_HAL_Driver/Inc -I../Drivers/STM32F1xx_HAL_Driver/Inc/Legacy -I../Drivers/CMSIS/Device/ST/STM32F1xx/Include -I../Drivers/CMSIS/Include -O0 -ffunction-sections -fdata-sections -Wall -fstack-usage -MMD -MP -MF"Drivers/STM32F1xx_HAL_Driver/Src/stm32f1xx_hal_exti.d" -MT"Drivers/STM32F1xx_HAL_Driver/Src/stm32f1xx_hal_exti.o" --specs=nano.specs -mfloat-abi=soft -mthumb -o "Drivers/STM32F1xx_HAL_Driver/Src/stm32f1xx_hal_exti.o"
arm-none-eabi-gcc "../Drivers/STM32F1xx_HAL_Driver/Src/stm32f1xx_hal_flash.c" -mcpu=cortex-m3 -std=gnu11 -g3 -DDEBUG -DUSE_HAL_DRIVER -DSTM32F103x6 -c -I../Core/Inc -I../Drivers/STM32F1xx_HAL_Driver/Inc -I../Drivers/STM32F1xx_HAL_Driver/Inc/Legacy -I../Drivers/CMSIS/Device/ST/STM32F1xx/Include -I../Drivers/CMSIS/Include -O0 -ffunction-sections -fdata-sections -Wall -fstack-usage -MMD -MP -MF"Drivers/STM32F1xx_HAL_Driver/Src/stm32f1xx_hal_flash.d" -MT"Drivers/STM32F1xx_HAL_Driver/Src/stm32f1xx_hal_flash.o" --specs=nano.specs -mfloat-abi=soft -mthumb -o "Drivers/STM32F1xx_HAL_Driver/Src/stm32f1xx_hal_flash.o"
arm-none-eabi-gcc "../Drivers/STM32F1xx_HAL_Driver/Src/stm32f1xx_hal_flash_ex.c" -mcpu=cortex-m3 -std=gnu11 -g3 -DDEBUG -DUSE_HAL_DRIVER -DSTM32F103x6 -c -I../Core/Inc -I../Drivers/STM32F1xx_HAL_Driver/Inc -I../Drivers/STM32F1xx_HAL_Driver/Inc/Legacy -I../Drivers/CMSIS/Device/ST/STM32F1xx/Include -I../Drivers/CMSIS/Include -O0 -ffunction-sections -fdata-sections -Wall -fstack-usage -MMD -MP -MF"Drivers/STM32F1xx_HAL_Driver/Src/stm32f1xx_hal_flash_ex.d" -MT"Drivers/STM32F1xx_HAL_Driver/Src/stm32f1xx_hal_flash_ex.o" --specs=nano.specs -mfloat-abi=soft -mthumb -o "Drivers/STM32F1xx_HAL_Driver/Src/stm32f1xx_hal_flash_ex.o"
arm-none-eabi-gcc "../Drivers/STM32F1xx_HAL_Driver/Src/stm32f1xx_hal_gpio.c" -mcpu=cortex-m3 -std=gnu11 -g3 -DDEBUG -DUSE_HAL_DRIVER -DSTM32F103x6 -c -I../Core/Inc -I../Drivers/STM32F1xx_HAL_Driver/Inc -I../Drivers/STM32F1xx_HAL_Driver/Inc/Legacy -I../Drivers/CMSIS/Device/ST/STM32F1xx/Include -I../Drivers/CMSIS/Include -O0 -ffunction-sections -fdata-sections -Wall -fstack-usage -MMD -MP -MF"Drivers/STM32F1xx_HAL_Driver/Src/stm32f1xx_hal_gpio.d" -MT"Drivers/STM32F1xx_HAL_Driver/Src/stm32f1xx_hal_gpio.o" --specs=nano.specs -mfloat-abi=soft -mthumb -o "Drivers/STM32F1xx_HAL_Driver/Src/stm32f1xx_hal_gpio.o"
arm-none-eabi-gcc "../Drivers/STM32F1xx_HAL_Driver/Src/stm32f1xx_hal_gpio_ex.c" -mcpu=cortex-m3 -std=gnu11 -g3 -DDEBUG -DUSE_HAL_DRIVER -DSTM32F103x6 -c -I../Core/Inc -I../Drivers/STM32F1xx_HAL_Driver/Inc -I../Drivers/STM32F1xx_HAL_Driver/Inc/Legacy -I../Drivers/CMSIS/Device/ST/STM32F1xx/Include -I../Drivers/CMSIS/Include -O0 -ffunction-sections -fdata-sections -Wall -fstack-usage -MMD -MP -MF"Drivers/STM32F1xx_HAL_Driver/Src/stm32f1xx_hal_gpio_ex.d" -MT"Drivers/STM32F1xx_HAL_Driver/Src/stm32f1xx_hal_gpio_ex.o" --specs=nano.specs -mfloat-abi=soft -mthumb -o "Drivers/STM32F1xx_HAL_Driver/Src/stm32f1xx_hal_gpio_ex.o"
arm-none-eabi-gcc "../Drivers/STM32F1xx_HAL_Driver/Src/stm32f1xx_hal_pwr.c" -mcpu=cortex-m3 -std=gnu11 -g3 -DDEBUG -DUSE_HAL_DRIVER -DSTM32F103x6 -c -I../Core/Inc -I../Drivers/STM32F1xx_HAL_Driver/Inc -I../Drivers/STM32F1xx_HAL_Driver/Inc/Legacy -I../Drivers/CMSIS/Device/ST/STM32F1xx/Include -I../Drivers/CMSIS/Include -O0 -ffunction-sections -fdata-sections -Wall -fstack-usage -MMD -MP -MF"Drivers/STM32F1xx_HAL_Driver/Src/stm32f1xx_hal_pwr.d" -MT"Drivers/STM32F1xx_HAL_Driver/Src/stm32f1xx_hal_pwr.o" --specs=nano.specs -mfloat-abi=soft -mthumb -o "Drivers/STM32F1xx_HAL_Driver/Src/stm32f1xx_hal_pwr.o"
arm-none-eabi-gcc "../Drivers/STM32F1xx_HAL_Driver/Src/stm32f1xx_hal_rcc.c" -mcpu=cortex-m3 -std=gnu11 -g3 -DDEBUG -DUSE_HAL_DRIVER -DSTM32F103x6 -c -I../Core/Inc -I../Drivers/STM32F1xx_HAL_Driver/Inc -I../Drivers/STM32F1xx_HAL_Driver/Inc/Legacy -I../Drivers/CMSIS/Device/ST/STM32F1xx/Include -I../Drivers/CMSIS/Include -O0 -ffunction-sections -fdata-sections -Wall -fstack-usage -MMD -MP -MF"Drivers/STM32F1xx_HAL_Driver/Src/stm32f1xx_hal_rcc.d" -MT"Drivers/STM32F1xx_HAL_Driver/Src/stm32f1xx_hal_rcc.o" --specs=nano.specs -mfloat-abi=soft -mthumb -o "Drivers/STM32F1xx_HAL_Driver/Src/stm32f1xx_hal_rcc.o"
arm-none-eabi-gcc "../Drivers/STM32F1xx_HAL_Driver/Src/stm32f1xx_hal_rcc_ex.c" -mcpu=cortex-m3 -std=gnu11 -g3 -DDEBUG -DUSE_HAL_DRIVER -DSTM32F103x6 -c -I../Core/Inc -I../Drivers/STM32F1xx_HAL_Driver/Inc -I../Drivers/STM32F1xx_HAL_Driver/Inc/Legacy -I../Drivers/CMSIS/Device/ST/STM32F1xx/Include -I../Drivers/CMSIS/Include -O0 -ffunction-sections -fdata-sections -Wall -fstack-usage -MMD -MP -MF"Drivers/STM32F1xx_HAL_Driver/Src/stm32f1xx_hal_rcc_ex.d" -MT"Drivers/STM32F1xx_HAL_Driver/Src/stm32f1xx_hal_rcc_ex.o" --specs=nano.specs -mfloat-abi=soft -mthumb -o "Drivers/STM32F1xx_HAL_Driver/Src/stm32f1xx_hal_rcc_ex.o"
arm-none-eabi-gcc "../Drivers/STM32F1xx_HAL_Driver/Src/stm32f1xx_hal_tim.c" -mcpu=cortex-m3 -std=gnu11 -g3 -DDEBUG -DUSE_HAL_DRIVER -DSTM32F103x6 -c -I../Core/Inc -I../Drivers/STM32F1xx_HAL_Driver/Inc -I../Drivers/STM32F1xx_HAL_Driver/Inc/Legacy -I../Drivers/CMSIS/Device/ST/STM32F1xx/Include -I../Drivers/CMSIS/Include -O0 -ffunction-sections -fdata-sections -Wall -fstack-usage -MMD -MP -MF"Drivers/STM32F1xx_HAL_Driver/Src/stm32f1xx_hal_tim.d" -MT"Drivers/STM32F1xx_HAL_Driver/Src/stm32f1xx_hal_tim.o" --specs=nano.specs -mfloat-abi=soft -mthumb -o "Drivers/STM32F1xx_HAL_Driver/Src/stm32f1xx_hal_tim.o"
arm-none-eabi-gcc "../Drivers/STM32F1xx_HAL_Driver/Src/stm32f1xx_hal_tim_ex.c" -mcpu=cortex-m3 -std=gnu11 -g3 -DDEBUG -DUSE_HAL_DRIVER -DSTM32F103x6 -c -I../Core/Inc -I../Drivers/STM32F1xx_HAL_Driver/Inc -I../Drivers/STM32F1xx_HAL_Driver/Inc/Legacy -I../Drivers/CMSIS/Device/ST/STM32F1xx/Include -I../Drivers/CMSIS/Include -O0 -ffunction-sections -fdata-sections -Wall -fstack-usage -MMD -MP -MF"Drivers/STM32F1xx_HAL_Driver/Src/stm32f1xx_hal_tim_ex.d" -MT"Drivers/STM32F1xx_HAL_Driver/Src/stm32f1xx_hal_tim_ex.o" --specs=nano.specs -mfloat-abi=soft -mthumb -o "Drivers/STM32F1xx_HAL_Driver/Src/stm32f1xx_hal_tim_ex.o"
arm-none-eabi-gcc -mcpu=cortex-m3 -g3 -DDEBUG -c -x assembler-with-cpp -MMD -MP -MF"Core/Startup/startup_stm32f103c6ux.d" -MT"Core/Startup/startup_stm32f103c6ux.o" --specs=nano.specs -mfloat-abi=soft -mthumb -o "Core/Startup/startup_stm32f103c6ux.o" "../Core/Startup/startup_stm32f103c6ux.s"
arm-none-eabi-gcc "../Core/Src/main.c" -mcpu=cortex-m3 -std=gnu11 -g3 -DDEBUG -DUSE_HAL_DRIVER -DSTM32F103x6 -c -I../Core/Inc -I../Drivers/STM32F1xx_HAL_Driver/Inc -I../Drivers/STM32F1xx_HAL_Driver/Inc/Legacy -I../Drivers/CMSIS/Device/ST/STM32F1xx/Include -I../Drivers/CMSIS/Include -O0 -ffunction-sections -fdata-sections -Wall -fstack-usage -MMD -MP -MF"Core/Src/main.d" -MT"Core/Src/main.o" --specs=nano.specs -mfloat-abi=soft -mthumb -o "Core/Src/main.o"
arm-none-eabi-gcc "../Core/Src/stm32f1xx_hal_msp.c" -mcpu=cortex-m3 -std=gnu11 -g3 -DDEBUG -DUSE_HAL_DRIVER -DSTM32F103x6 -c -I../Core/Inc -I../Drivers/STM32F1xx_HAL_Driver/Inc -I../Drivers/STM32F1xx_HAL_Driver/Inc/Legacy -I../Drivers/CMSIS/Device/ST/STM32F1xx/Include -I../Drivers/CMSIS/Include -O0 -ffunction-sections -fdata-sections -Wall -fstack-usage -MMD -MP -MF"Core/Src/stm32f1xx_hal_msp.d" -MT"Core/Src/stm32f1xx_hal_msp.o" --specs=nano.specs -mfloat-abi=soft -mthumb -o "Core/Src/stm32f1xx_hal_msp.o"
arm-none-eabi-gcc "../Core/Src/stm32f1xx_it.c" -mcpu=cortex-m3 -std=gnu11 -g3 -DDEBUG -DUSE_HAL_DRIVER -DSTM32F103x6 -c -I../Core/Inc -I../Drivers/STM32F1xx_HAL_Driver/Inc -I../Drivers/STM32F1xx_HAL_Driver/Inc/Legacy -I../Drivers/CMSIS/Device/ST/STM32F1xx/Include -I../Drivers/CMSIS/Include -O0 -ffunction-sections -fdata-sections -Wall -fstack-usage -MMD -MP -MF"Core/Src/stm32f1xx_it.d" -MT"Core/Src/stm32f1xx_it.o" --specs=nano.specs -mfloat-abi=soft -mthumb -o "Core/Src/stm32f1xx_it.o"
arm-none-eabi-gcc "../Core/Src/syscalls.c" -mcpu=cortex-m3 -std=gnu11 -g3 -DDEBUG -DUSE_HAL_DRIVER -DSTM32F103x6 -c -I../Core/Inc -I../Drivers/STM32F1xx_HAL_Driver/Inc -I../Drivers/STM32F1xx_HAL_Driver/Inc/Legacy -I../Drivers/CMSIS/Device/ST/STM32F1xx/Include -I../Drivers/CMSIS/Include -O0 -ffunction-sections -fdata-sections -Wall -fstack-usage -MMD -MP -MF"Core/Src/syscalls.d" -MT"Core/Src/syscalls.o" --specs=nano.specs -mfloat-abi=soft -mthumb -o "Core/Src/syscalls.o"
arm-none-eabi-gcc "../Core/Src/sysmem.c" -mcpu=cortex-m3 -std=gnu11 -g3 -DDEBUG -DUSE_HAL_DRIVER -DSTM32F103x6 -c -I../Core/Inc -I../Drivers/STM32F1xx_HAL_Driver/Inc -I../Drivers/STM32F1xx_HAL_Driver/Inc/Legacy -I../Drivers/CMSIS/Device/ST/STM32F1xx/Include -I../Drivers/CMSIS/Include -O0 -ffunction-sections -fdata-sections -Wall -fstack-usage -MMD -MP -MF"Core/Src/sysmem.d" -MT"Core/Src/sysmem.o" --specs=nano.specs -mfloat-abi=soft -mthumb -o "Core/Src/sysmem.o"
arm-none-eabi-gcc "../Core/Src/system_stm32f1xx.c" -mcpu=cortex-m3 -std=gnu11 -g3 -DDEBUG -DUSE_HAL_DRIVER -DSTM32F103x6 -c -I../Core/Inc -I../Drivers/STM32F1xx_HAL_Driver/Inc -I../Drivers/STM32F1xx_HAL_Driver/Inc/Legacy -I../Drivers/CMSIS/Device/ST/STM32F1xx/Include -I../Drivers/CMSIS/Include -O0 -ffunction-sections -fdata-sections -Wall -fstack-usage -MMD -MP -MF"Core/Src/system_stm32f1xx.d" -MT"Core/Src/system_stm32f1xx.o" --specs=nano.specs -mfloat-abi=soft -mthumb -o "Core/Src/system_stm32f1xx.o"
arm-none-eabi-gcc -o "Led_Animations.elf" @"objects.list"   -mcpu=cortex-m3 -T"C:\Users\Admin\STM32CubeIDE\workspace_1.7.0\Led_Animations\STM32F103C6UX_FLASH.ld" --specs=nosys.specs -Wl,-Map="Led_Animations.map" -Wl,--gc-sections -static --specs=nano.specs -mfloat-abi=soft -mthumb -Wl,--start-group -lc -lm -Wl,--end-group
Finished building target: Led_Animations.elf
 
arm-none-eabi-size   Led_Animations.elf 
arm-none-eabi-objdump -h -S  Led_Animations.elf  > "Led_Animations.list"
   text	   data	    bss	    dec	    hex	filename
   4428	     20	   1572	   6020	   1784	Led_Animations.elf
arm-none-eabi-objcopy  -O ihex  Led_Animations.elf  "Led_Animations.hex"
arm-none-eabi-objcopy  -O binary  Led_Animations.elf  "Led_Animations.bin"
Finished building: default.size.stdout
 
Finished building: Led_Animations.hex
Finished building: Led_Animations.list
Finished building: Led_Animations.bin
 
 
 
23:01:26 **** Incremental Build of configuration Debug for project Led_Animations ****
make -j22 all 
arm-none-eabi-gcc "../Drivers/STM32F1xx_HAL_Driver/Src/stm32f1xx_hal.c" -mcpu=cortex-m3 -std=gnu11 -g3 -DDEBUG -DUSE_HAL_DRIVER -DSTM32F103x6 -c -I../Core/Inc -I../Drivers/STM32F1xx_HAL_Driver/Inc -I../Drivers/STM32F1xx_HAL_Driver/Inc/Legacy -I../Drivers/CMSIS/Device/ST/STM32F1xx/Include -I../Drivers/CMSIS/Include -O0 -ffunction-sections -fdata-sections -Wall -fstack-usage -MMD -MP -MF"Drivers/STM32F1xx_HAL_Driver/Src/stm32f1xx_hal.d" -MT"Drivers/STM32F1xx_HAL_Driver/Src/stm32f1xx_hal.o" --specs=nano.specs -mfloat-abi=soft -mthumb -o "Drivers/STM32F1xx_HAL_Driver/Src/stm32f1xx_hal.o"
arm-none-eabi-gcc "../Drivers/STM32F1xx_HAL_Driver/Src/stm32f1xx_hal_cortex.c" -mcpu=cortex-m3 -std=gnu11 -g3 -DDEBUG -DUSE_HAL_DRIVER -DSTM32F103x6 -c -I../Core/Inc -I../Drivers/STM32F1xx_HAL_Driver/Inc -I../Drivers/STM32F1xx_HAL_Driver/Inc/Legacy -I../Drivers/CMSIS/Device/ST/STM32F1xx/Include -I../Drivers/CMSIS/Include -O0 -ffunction-sections -fdata-sections -Wall -fstack-usage -MMD -MP -MF"Drivers/STM32F1xx_HAL_Driver/Src/stm32f1xx_hal_cortex.d" -MT"Drivers/STM32F1xx_HAL_Driver/Src/stm32f1xx_hal_cortex.o" --specs=nano.specs -mfloat-abi=soft -mthumb -o "Drivers/STM32F1xx_HAL_Driver/Src/stm32f1xx_hal_cortex.o"
arm-none-eabi-gcc "../Drivers/STM32F1xx_HAL_Driver/Src/stm32f1xx_hal_dma.c" -mcpu=cortex-m3 -std=gnu11 -g3 -DDEBUG -DUSE_HAL_DRIVER -DSTM32F103x6 -c -I../Core/Inc -I../Drivers/STM32F1xx_HAL_Driver/Inc -I../Drivers/STM32F1xx_HAL_Driver/Inc/Legacy -I../Drivers/CMSIS/Device/ST/STM32F1xx/Include -I../Drivers/CMSIS/Include -O0 -ffunction-sections -fdata-sections -Wall -fstack-usage -MMD -MP -MF"Drivers/STM32F1xx_HAL_Driver/Src/stm32f1xx_hal_dma.d" -MT"Drivers/STM32F1xx_HAL_Driver/Src/stm32f1xx_hal_dma.o" --specs=nano.specs -mfloat-abi=soft -mthumb -o "Drivers/STM32F1xx_HAL_Driver/Src/stm32f1xx_hal_dma.o"
arm-none-eabi-gcc "../Drivers/STM32F1xx_HAL_Driver/Src/stm32f1xx_hal_exti.c" -mcpu=cortex-m3 -std=gnu11 -g3 -DDEBUG -DUSE_HAL_DRIVER -DSTM32F103x6 -c -I../Core/Inc -I../Drivers/STM32F1xx_HAL_Driver/Inc -I../Drivers/STM32F1xx_HAL_Driver/Inc/Legacy -I../Drivers/CMSIS/Device/ST/STM32F1xx/Include -I../Drivers/CMSIS/Include -O0 -ffunction-sections -fdata-sections -Wall -fstack-usage -MMD -MP -MF"Drivers/STM32F1xx_HAL_Driver/Src/stm32f1xx_hal_exti.d" -MT"Drivers/STM32F1xx_HAL_Driver/Src/stm32f1xx_hal_exti.o" --specs=nano.specs -mfloat-abi=soft -mthumb -o "Drivers/STM32F1xx_HAL_Driver/Src/stm32f1xx_hal_exti.o"
arm-none-eabi-gcc "../Drivers/STM32F1xx_HAL_Driver/Src/stm32f1xx_hal_flash.c" -mcpu=cortex-m3 -std=gnu11 -g3 -DDEBUG -DUSE_HAL_DRIVER -DSTM32F103x6 -c -I../Core/Inc -I../Drivers/STM32F1xx_HAL_Driver/Inc -I../Drivers/STM32F1xx_HAL_Driver/Inc/Legacy -I../Drivers/CMSIS/Device/ST/STM32F1xx/Include -I../Drivers/CMSIS/Include -O0 -ffunction-sections -fdata-sections -Wall -fstack-usage -MMD -MP -MF"Drivers/STM32F1xx_HAL_Driver/Src/stm32f1xx_hal_flash.d" -MT"Drivers/STM32F1xx_HAL_Driver/Src/stm32f1xx_hal_flash.o" --specs=nano.specs -mfloat-abi=soft -mthumb -o "Drivers/STM32F1xx_HAL_Driver/Src/stm32f1xx_hal_flash.o"
arm-none-eabi-gcc "../Drivers/STM32F1xx_HAL_Driver/Src/stm32f1xx_hal_flash_ex.c" -mcpu=cortex-m3 -std=gnu11 -g3 -DDEBUG -DUSE_HAL_DRIVER -DSTM32F103x6 -c -I../Core/Inc -I../Drivers/STM32F1xx_HAL_Driver/Inc -I../Drivers/STM32F1xx_HAL_Driver/Inc/Legacy -I../Drivers/CMSIS/Device/ST/STM32F1xx/Include -I../Drivers/CMSIS/Include -O0 -ffunction-sections -fdata-sections -Wall -fstack-usage -MMD -MP -MF"Drivers/STM32F1xx_HAL_Driver/Src/stm32f1xx_hal_flash_ex.d" -MT"Drivers/STM32F1xx_HAL_Driver/Src/stm32f1xx_hal_flash_ex.o" --specs=nano.specs -mfloat-abi=soft -mthumb -o "Drivers/STM32F1xx_HAL_Driver/Src/stm32f1xx_hal_flash_ex.o"
arm-none-eabi-gcc "../Drivers/STM32F1xx_HAL_Driver/Src/stm32f1xx_hal_gpio.c" -mcpu=cortex-m3 -std=gnu11 -g3 -DDEBUG -DUSE_HAL_DRIVER -DSTM32F103x6 -c -I../Core/Inc -I../Drivers/STM32F1xx_HAL_Driver/Inc -I../Drivers/STM32F1xx_HAL_Driver/Inc/Legacy -I../Drivers/CMSIS/Device/ST/STM32F1xx/Include -I../Drivers/CMSIS/Include -O0 -ffunction-sections -fdata-sections -Wall -fstack-usage -MMD -MP -MF"Drivers/STM32F1xx_HAL_Driver/Src/stm32f1xx_hal_gpio.d" -MT"Drivers/STM32F1xx_HAL_Driver/Src/stm32f1xx_hal_gpio.o" --specs=nano.specs -mfloat-abi=soft -mthumb -o "Drivers/STM32F1xx_HAL_Driver/Src/stm32f1xx_hal_gpio.o"
arm-none-eabi-gcc "../Drivers/STM32F1xx_HAL_Driver/Src/stm32f1xx_hal_gpio_ex.c" -mcpu=cortex-m3 -std=gnu11 -g3 -DDEBUG -DUSE_HAL_DRIVER -DSTM32F103x6 -c -I../Core/Inc -I../Drivers/STM32F1xx_HAL_Driver/Inc -I../Drivers/STM32F1xx_HAL_Driver/Inc/Legacy -I../Drivers/CMSIS/Device/ST/STM32F1xx/Include -I../Drivers/CMSIS/Include -O0 -ffunction-sections -fdata-sections -Wall -fstack-usage -MMD -MP -MF"Drivers/STM32F1xx_HAL_Driver/Src/stm32f1xx_hal_gpio_ex.d" -MT"Drivers/STM32F1xx_HAL_Driver/Src/stm32f1xx_hal_gpio_ex.o" --specs=nano.specs -mfloat-abi=soft -mthumb -o "Drivers/STM32F1xx_HAL_Driver/Src/stm32f1xx_hal_gpio_ex.o"
arm-none-eabi-gcc "../Drivers/STM32F1xx_HAL_Driver/Src/stm32f1xx_hal_pwr.c" -mcpu=cortex-m3 -std=gnu11 -g3 -DDEBUG -DUSE_HAL_DRIVER -DSTM32F103x6 -c -I../Core/Inc -I../Drivers/STM32F1xx_HAL_Driver/Inc -I../Drivers/STM32F1xx_HAL_Driver/Inc/Legacy -I../Drivers/CMSIS/Device/ST/STM32F1xx/Include -I../Drivers/CMSIS/Include -O0 -ffunction-sections -fdata-sections -Wall -fstack-usage -MMD -MP -MF"Drivers/STM32F1xx_HAL_Driver/Src/stm32f1xx_hal_pwr.d" -MT"Drivers/STM32F1xx_HAL_Driver/Src/stm32f1xx_hal_pwr.o" --specs=nano.specs -mfloat-abi=soft -mthumb -o "Drivers/STM32F1xx_HAL_Driver/Src/stm32f1xx_hal_pwr.o"
arm-none-eabi-gcc "../Drivers/STM32F1xx_HAL_Driver/Src/stm32f1xx_hal_rcc.c" -mcpu=cortex-m3 -std=gnu11 -g3 -DDEBUG -DUSE_HAL_DRIVER -DSTM32F103x6 -c -I../Core/Inc -I../Drivers/STM32F1xx_HAL_Driver/Inc -I../Drivers/STM32F1xx_HAL_Driver/Inc/Legacy -I../Drivers/CMSIS/Device/ST/STM32F1xx/Include -I../Drivers/CMSIS/Include -O0 -ffunction-sections -fdata-sections -Wall -fstack-usage -MMD -MP -MF"Drivers/STM32F1xx_HAL_Driver/Src/stm32f1xx_hal_rcc.d" -MT"Drivers/STM32F1xx_HAL_Driver/Src/stm32f1xx_hal_rcc.o" --specs=nano.specs -mfloat-abi=soft -mthumb -o "Drivers/STM32F1xx_HAL_Driver/Src/stm32f1xx_hal_rcc.o"
arm-none-eabi-gcc "../Drivers/STM32F1xx_HAL_Driver/Src/stm32f1xx_hal_rcc_ex.c" -mcpu=cortex-m3 -std=gnu11 -g3 -DDEBUG -DUSE_HAL_DRIVER -DSTM32F103x6 -c -I../Core/Inc -I../Drivers/STM32F1xx_HAL_Driver/Inc -I../Drivers/STM32F1xx_HAL_Driver/Inc/Legacy -I../Drivers/CMSIS/Device/ST/STM32F1xx/Include -I../Drivers/CMSIS/Include -O0 -ffunction-sections -fdata-sections -Wall -fstack-usage -MMD -MP -MF"Drivers/STM32F1xx_HAL_Driver/Src/stm32f1xx_hal_rcc_ex.d" -MT"Drivers/STM32F1xx_HAL_Driver/Src/stm32f1xx_hal_rcc_ex.o" --specs=nano.specs -mfloat-abi=soft -mthumb -o "Drivers/STM32F1xx_HAL_Driver/Src/stm32f1xx_hal_rcc_ex.o"
arm-none-eabi-gcc "../Drivers/STM32F1xx_HAL_Driver/Src/stm32f1xx_hal_tim.c" -mcpu=cortex-m3 -std=gnu11 -g3 -DDEBUG -DUSE_HAL_DRIVER -DSTM32F103x6 -c -I../Core/Inc -I../Drivers/STM32F1xx_HAL_Driver/Inc -I../Drivers/STM32F1xx_HAL_Driver/Inc/Legacy -I../Drivers/CMSIS/Device/ST/STM32F1xx/Include -I../Drivers/CMSIS/Include -O0 -ffunction-sections -fdata-sections -Wall -fstack-usage -MMD -MP -MF"Drivers/STM32F1xx_HAL_Driver/Src/stm32f1xx_hal_tim.d" -MT"Drivers/STM32F1xx_HAL_Driver/Src/stm32f1xx_hal_tim.o" --specs=nano.specs -mfloat-abi=soft -mthumb -o "Drivers/STM32F1xx_HAL_Driver/Src/stm32f1xx_hal_tim.o"
arm-none-eabi-gcc "../Drivers/STM32F1xx_HAL_Driver/Src/stm32f1xx_hal_tim_ex.c" -mcpu=cortex-m3 -std=gnu11 -g3 -DDEBUG -DUSE_HAL_DRIVER -DSTM32F103x6 -c -I../Core/Inc -I../Drivers/STM32F1xx_HAL_Driver/Inc -I../Drivers/STM32F1xx_HAL_Driver/Inc/Legacy -I../Drivers/CMSIS/Device/ST/STM32F1xx/Include -I../Drivers/CMSIS/Include -O0 -ffunction-sections -fdata-sections -Wall -fstack-usage -MMD -MP -MF"Drivers/STM32F1xx_HAL_Driver/Src/stm32f1xx_hal_tim_ex.d" -MT"Drivers/STM32F1xx_HAL_Driver/Src/stm32f1xx_hal_tim_ex.o" --specs=nano.specs -mfloat-abi=soft -mthumb -o "Drivers/STM32F1xx_HAL_Driver/Src/stm32f1xx_hal_tim_ex.o"
arm-none-eabi-gcc "../Core/Src/main.c" -mcpu=cortex-m3 -std=gnu11 -g3 -DDEBUG -DUSE_HAL_DRIVER -DSTM32F103x6 -c -I../Core/Inc -I../Drivers/STM32F1xx_HAL_Driver/Inc -I../Drivers/STM32F1xx_HAL_Driver/Inc/Legacy -I../Drivers/CMSIS/Device/ST/STM32F1xx/Include -I../Drivers/CMSIS/Include -O0 -ffunction-sections -fdata-sections -Wall -fstack-usage -MMD -MP -MF"Core/Src/main.d" -MT"Core/Src/main.o" --specs=nano.specs -mfloat-abi=soft -mthumb -o "Core/Src/main.o"
arm-none-eabi-gcc "../Core/Src/stm32f1xx_hal_msp.c" -mcpu=cortex-m3 -std=gnu11 -g3 -DDEBUG -DUSE_HAL_DRIVER -DSTM32F103x6 -c -I../Core/Inc -I../Drivers/STM32F1xx_HAL_Driver/Inc -I../Drivers/STM32F1xx_HAL_Driver/Inc/Legacy -I../Drivers/CMSIS/Device/ST/STM32F1xx/Include -I../Drivers/CMSIS/Include -O0 -ffunction-sections -fdata-sections -Wall -fstack-usage -MMD -MP -MF"Core/Src/stm32f1xx_hal_msp.d" -MT"Core/Src/stm32f1xx_hal_msp.o" --specs=nano.specs -mfloat-abi=soft -mthumb -o "Core/Src/stm32f1xx_hal_msp.o"
arm-none-eabi-gcc "../Core/Src/stm32f1xx_it.c" -mcpu=cortex-m3 -std=gnu11 -g3 -DDEBUG -DUSE_HAL_DRIVER -DSTM32F103x6 -c -I../Core/Inc -I../Drivers/STM32F1xx_HAL_Driver/Inc -I../Drivers/STM32F1xx_HAL_Driver/Inc/Legacy -I../Drivers/CMSIS/Device/ST/STM32F1xx/Include -I../Drivers/CMSIS/Include -O0 -ffunction-sections -fdata-sections -Wall -fstack-usage -MMD -MP -MF"Core/Src/stm32f1xx_it.d" -MT"Core/Src/stm32f1xx_it.o" --specs=nano.specs -mfloat-abi=soft -mthumb -o "Core/Src/stm32f1xx_it.o"
arm-none-eabi-gcc "../Core/Src/system_stm32f1xx.c" -mcpu=cortex-m3 -std=gnu11 -g3 -DDEBUG -DUSE_HAL_DRIVER -DSTM32F103x6 -c -I../Core/Inc -I../Drivers/STM32F1xx_HAL_Driver/Inc -I../Drivers/STM32F1xx_HAL_Driver/Inc/Legacy -I../Drivers/CMSIS/Device/ST/STM32F1xx/Include -I../Drivers/CMSIS/Include -O0 -ffunction-sections -fdata-sections -Wall -fstack-usage -MMD -MP -MF"Core/Src/system_stm32f1xx.d" -MT"Core/Src/system_stm32f1xx.o" --specs=nano.specs -mfloat-abi=soft -mthumb -o "Core/Src/system_stm32f1xx.o"
arm-none-eabi-gcc -o "Led_Animations.elf" @"objects.list"   -mcpu=cortex-m3 -T"C:\Users\Admin\STM32CubeIDE\workspace_1.7.0\Led_Animations\STM32F103C6UX_FLASH.ld" --specs=nosys.specs -Wl,-Map="Led_Animations.map" -Wl,--gc-sections -static --specs=nano.specs -mfloat-abi=soft -mthumb -Wl,--start-group -lc -lm -Wl,--end-group
Finished building target: Led_Animations.elf
 
arm-none-eabi-size   Led_Animations.elf 
arm-none-eabi-objdump -h -S  Led_Animations.elf  > "Led_Animations.list"
   text	   data	    bss	    dec	    hex	filename
   4584	     20	   1572	   6176	   1820	Led_Animations.elf
arm-none-eabi-objcopy  -O ihex  Led_Animations.elf  "Led_Animations.hex"
arm-none-eabi-objcopy  -O binary  Led_Animations.elf  "Led_Animations.bin"
Finished building: default.size.stdout
 
Finished building: Led_Animations.hex
Finished building: Led_Animations.list
Finished building: Led_Animations.bin
 
 
 
23:13:06 **** Incremental Build of configuration Debug for project Led_Animations ****
make -j22 all 
arm-none-eabi-gcc "../Core/Src/main.c" -mcpu=cortex-m3 -std=gnu11 -g3 -DDEBUG -DUSE_HAL_DRIVER -DSTM32F103x6 -c -I../Core/Inc -I../Drivers/STM32F1xx_HAL_Driver/Inc -I../Drivers/STM32F1xx_HAL_Driver/Inc/Legacy -I../Drivers/CMSIS/Device/ST/STM32F1xx/Include -I../Drivers/CMSIS/Include -O0 -ffunction-sections -fdata-sections -Wall -fstack-usage -MMD -MP -MF"Core/Src/main.d" -MT"Core/Src/main.o" --specs=nano.specs -mfloat-abi=soft -mthumb -o "Core/Src/main.o"
arm-none-eabi-gcc -o "Led_Animations.elf" @"objects.list"   -mcpu=cortex-m3 -T"C:\Users\Admin\STM32CubeIDE\workspace_1.7.0\Led_Animations\STM32F103C6UX_FLASH.ld" --specs=nosys.specs -Wl,-Map="Led_Animations.map" -Wl,--gc-sections -static --specs=nano.specs -mfloat-abi=soft -mthumb -Wl,--start-group -lc -lm -Wl,--end-group
Finished building target: Led_Animations.elf
 
arm-none-eabi-size   Led_Animations.elf 
arm-none-eabi-objdump -h -S  Led_Animations.elf  > "Led_Animations.list"
arm-none-eabi-objcopy  -O ihex  Led_Animations.elf  "Led_Animations.hex"
   text	   data	    bss	    dec	    hex	filename
   4564	     20	   1572	   6156	   180c	Led_Animations.elf
arm-none-eabi-objcopy  -O binary  Led_Animations.elf  "Led_Animations.bin"
Finished building: default.size.stdout
 
Finished building: Led_Animations.list
Finished building: Led_Animations.hex
Finished building: Led_Animations.bin
 
 
 
00:31:33 **** Incremental Build of configuration Debug for project Led_Animations ****
make -j22 all 
arm-none-eabi-gcc "../Drivers/STM32F1xx_HAL_Driver/Src/stm32f1xx_hal.c" -mcpu=cortex-m3 -std=gnu11 -g3 -DDEBUG -DUSE_HAL_DRIVER -DSTM32F103x6 -c -I../Core/Inc -I../Drivers/STM32F1xx_HAL_Driver/Inc -I../Drivers/STM32F1xx_HAL_Driver/Inc/Legacy -I../Drivers/CMSIS/Device/ST/STM32F1xx/Include -I../Drivers/CMSIS/Include -O0 -ffunction-sections -fdata-sections -Wall -fstack-usage -MMD -MP -MF"Drivers/STM32F1xx_HAL_Driver/Src/stm32f1xx_hal.d" -MT"Drivers/STM32F1xx_HAL_Driver/Src/stm32f1xx_hal.o" --specs=nano.specs -mfloat-abi=soft -mthumb -o "Drivers/STM32F1xx_HAL_Driver/Src/stm32f1xx_hal.o"
arm-none-eabi-gcc "../Drivers/STM32F1xx_HAL_Driver/Src/stm32f1xx_hal_cortex.c" -mcpu=cortex-m3 -std=gnu11 -g3 -DDEBUG -DUSE_HAL_DRIVER -DSTM32F103x6 -c -I../Core/Inc -I../Drivers/STM32F1xx_HAL_Driver/Inc -I../Drivers/STM32F1xx_HAL_Driver/Inc/Legacy -I../Drivers/CMSIS/Device/ST/STM32F1xx/Include -I../Drivers/CMSIS/Include -O0 -ffunction-sections -fdata-sections -Wall -fstack-usage -MMD -MP -MF"Drivers/STM32F1xx_HAL_Driver/Src/stm32f1xx_hal_cortex.d" -MT"Drivers/STM32F1xx_HAL_Driver/Src/stm32f1xx_hal_cortex.o" --specs=nano.specs -mfloat-abi=soft -mthumb -o "Drivers/STM32F1xx_HAL_Driver/Src/stm32f1xx_hal_cortex.o"
arm-none-eabi-gcc "../Drivers/STM32F1xx_HAL_Driver/Src/stm32f1xx_hal_dma.c" -mcpu=cortex-m3 -std=gnu11 -g3 -DDEBUG -DUSE_HAL_DRIVER -DSTM32F103x6 -c -I../Core/Inc -I../Drivers/STM32F1xx_HAL_Driver/Inc -I../Drivers/STM32F1xx_HAL_Driver/Inc/Legacy -I../Drivers/CMSIS/Device/ST/STM32F1xx/Include -I../Drivers/CMSIS/Include -O0 -ffunction-sections -fdata-sections -Wall -fstack-usage -MMD -MP -MF"Drivers/STM32F1xx_HAL_Driver/Src/stm32f1xx_hal_dma.d" -MT"Drivers/STM32F1xx_HAL_Driver/Src/stm32f1xx_hal_dma.o" --specs=nano.specs -mfloat-abi=soft -mthumb -o "Drivers/STM32F1xx_HAL_Driver/Src/stm32f1xx_hal_dma.o"
arm-none-eabi-gcc "../Drivers/STM32F1xx_HAL_Driver/Src/stm32f1xx_hal_exti.c" -mcpu=cortex-m3 -std=gnu11 -g3 -DDEBUG -DUSE_HAL_DRIVER -DSTM32F103x6 -c -I../Core/Inc -I../Drivers/STM32F1xx_HAL_Driver/Inc -I../Drivers/STM32F1xx_HAL_Driver/Inc/Legacy -I../Drivers/CMSIS/Device/ST/STM32F1xx/Include -I../Drivers/CMSIS/Include -O0 -ffunction-sections -fdata-sections -Wall -fstack-usage -MMD -MP -MF"Drivers/STM32F1xx_HAL_Driver/Src/stm32f1xx_hal_exti.d" -MT"Drivers/STM32F1xx_HAL_Driver/Src/stm32f1xx_hal_exti.o" --specs=nano.specs -mfloat-abi=soft -mthumb -o "Drivers/STM32F1xx_HAL_Driver/Src/stm32f1xx_hal_exti.o"
arm-none-eabi-gcc "../Drivers/STM32F1xx_HAL_Driver/Src/stm32f1xx_hal_flash.c" -mcpu=cortex-m3 -std=gnu11 -g3 -DDEBUG -DUSE_HAL_DRIVER -DSTM32F103x6 -c -I../Core/Inc -I../Drivers/STM32F1xx_HAL_Driver/Inc -I../Drivers/STM32F1xx_HAL_Driver/Inc/Legacy -I../Drivers/CMSIS/Device/ST/STM32F1xx/Include -I../Drivers/CMSIS/Include -O0 -ffunction-sections -fdata-sections -Wall -fstack-usage -MMD -MP -MF"Drivers/STM32F1xx_HAL_Driver/Src/stm32f1xx_hal_flash.d" -MT"Drivers/STM32F1xx_HAL_Driver/Src/stm32f1xx_hal_flash.o" --specs=nano.specs -mfloat-abi=soft -mthumb -o "Drivers/STM32F1xx_HAL_Driver/Src/stm32f1xx_hal_flash.o"
arm-none-eabi-gcc "../Drivers/STM32F1xx_HAL_Driver/Src/stm32f1xx_hal_flash_ex.c" -mcpu=cortex-m3 -std=gnu11 -g3 -DDEBUG -DUSE_HAL_DRIVER -DSTM32F103x6 -c -I../Core/Inc -I../Drivers/STM32F1xx_HAL_Driver/Inc -I../Drivers/STM32F1xx_HAL_Driver/Inc/Legacy -I../Drivers/CMSIS/Device/ST/STM32F1xx/Include -I../Drivers/CMSIS/Include -O0 -ffunction-sections -fdata-sections -Wall -fstack-usage -MMD -MP -MF"Drivers/STM32F1xx_HAL_Driver/Src/stm32f1xx_hal_flash_ex.d" -MT"Drivers/STM32F1xx_HAL_Driver/Src/stm32f1xx_hal_flash_ex.o" --specs=nano.specs -mfloat-abi=soft -mthumb -o "Drivers/STM32F1xx_HAL_Driver/Src/stm32f1xx_hal_flash_ex.o"
arm-none-eabi-gcc "../Drivers/STM32F1xx_HAL_Driver/Src/stm32f1xx_hal_gpio.c" -mcpu=cortex-m3 -std=gnu11 -g3 -DDEBUG -DUSE_HAL_DRIVER -DSTM32F103x6 -c -I../Core/Inc -I../Drivers/STM32F1xx_HAL_Driver/Inc -I../Drivers/STM32F1xx_HAL_Driver/Inc/Legacy -I../Drivers/CMSIS/Device/ST/STM32F1xx/Include -I../Drivers/CMSIS/Include -O0 -ffunction-sections -fdata-sections -Wall -fstack-usage -MMD -MP -MF"Drivers/STM32F1xx_HAL_Driver/Src/stm32f1xx_hal_gpio.d" -MT"Drivers/STM32F1xx_HAL_Driver/Src/stm32f1xx_hal_gpio.o" --specs=nano.specs -mfloat-abi=soft -mthumb -o "Drivers/STM32F1xx_HAL_Driver/Src/stm32f1xx_hal_gpio.o"
arm-none-eabi-gcc "../Drivers/STM32F1xx_HAL_Driver/Src/stm32f1xx_hal_gpio_ex.c" -mcpu=cortex-m3 -std=gnu11 -g3 -DDEBUG -DUSE_HAL_DRIVER -DSTM32F103x6 -c -I../Core/Inc -I../Drivers/STM32F1xx_HAL_Driver/Inc -I../Drivers/STM32F1xx_HAL_Driver/Inc/Legacy -I../Drivers/CMSIS/Device/ST/STM32F1xx/Include -I../Drivers/CMSIS/Include -O0 -ffunction-sections -fdata-sections -Wall -fstack-usage -MMD -MP -MF"Drivers/STM32F1xx_HAL_Driver/Src/stm32f1xx_hal_gpio_ex.d" -MT"Drivers/STM32F1xx_HAL_Driver/Src/stm32f1xx_hal_gpio_ex.o" --specs=nano.specs -mfloat-abi=soft -mthumb -o "Drivers/STM32F1xx_HAL_Driver/Src/stm32f1xx_hal_gpio_ex.o"
arm-none-eabi-gcc "../Drivers/STM32F1xx_HAL_Driver/Src/stm32f1xx_hal_pwr.c" -mcpu=cortex-m3 -std=gnu11 -g3 -DDEBUG -DUSE_HAL_DRIVER -DSTM32F103x6 -c -I../Core/Inc -I../Drivers/STM32F1xx_HAL_Driver/Inc -I../Drivers/STM32F1xx_HAL_Driver/Inc/Legacy -I../Drivers/CMSIS/Device/ST/STM32F1xx/Include -I../Drivers/CMSIS/Include -O0 -ffunction-sections -fdata-sections -Wall -fstack-usage -MMD -MP -MF"Drivers/STM32F1xx_HAL_Driver/Src/stm32f1xx_hal_pwr.d" -MT"Drivers/STM32F1xx_HAL_Driver/Src/stm32f1xx_hal_pwr.o" --specs=nano.specs -mfloat-abi=soft -mthumb -o "Drivers/STM32F1xx_HAL_Driver/Src/stm32f1xx_hal_pwr.o"
arm-none-eabi-gcc "../Drivers/STM32F1xx_HAL_Driver/Src/stm32f1xx_hal_rcc.c" -mcpu=cortex-m3 -std=gnu11 -g3 -DDEBUG -DUSE_HAL_DRIVER -DSTM32F103x6 -c -I../Core/Inc -I../Drivers/STM32F1xx_HAL_Driver/Inc -I../Drivers/STM32F1xx_HAL_Driver/Inc/Legacy -I../Drivers/CMSIS/Device/ST/STM32F1xx/Include -I../Drivers/CMSIS/Include -O0 -ffunction-sections -fdata-sections -Wall -fstack-usage -MMD -MP -MF"Drivers/STM32F1xx_HAL_Driver/Src/stm32f1xx_hal_rcc.d" -MT"Drivers/STM32F1xx_HAL_Driver/Src/stm32f1xx_hal_rcc.o" --specs=nano.specs -mfloat-abi=soft -mthumb -o "Drivers/STM32F1xx_HAL_Driver/Src/stm32f1xx_hal_rcc.o"
arm-none-eabi-gcc "../Drivers/STM32F1xx_HAL_Driver/Src/stm32f1xx_hal_rcc_ex.c" -mcpu=cortex-m3 -std=gnu11 -g3 -DDEBUG -DUSE_HAL_DRIVER -DSTM32F103x6 -c -I../Core/Inc -I../Drivers/STM32F1xx_HAL_Driver/Inc -I../Drivers/STM32F1xx_HAL_Driver/Inc/Legacy -I../Drivers/CMSIS/Device/ST/STM32F1xx/Include -I../Drivers/CMSIS/Include -O0 -ffunction-sections -fdata-sections -Wall -fstack-usage -MMD -MP -MF"Drivers/STM32F1xx_HAL_Driver/Src/stm32f1xx_hal_rcc_ex.d" -MT"Drivers/STM32F1xx_HAL_Driver/Src/stm32f1xx_hal_rcc_ex.o" --specs=nano.specs -mfloat-abi=soft -mthumb -o "Drivers/STM32F1xx_HAL_Driver/Src/stm32f1xx_hal_rcc_ex.o"
arm-none-eabi-gcc "../Drivers/STM32F1xx_HAL_Driver/Src/stm32f1xx_hal_tim.c" -mcpu=cortex-m3 -std=gnu11 -g3 -DDEBUG -DUSE_HAL_DRIVER -DSTM32F103x6 -c -I../Core/Inc -I../Drivers/STM32F1xx_HAL_Driver/Inc -I../Drivers/STM32F1xx_HAL_Driver/Inc/Legacy -I../Drivers/CMSIS/Device/ST/STM32F1xx/Include -I../Drivers/CMSIS/Include -O0 -ffunction-sections -fdata-sections -Wall -fstack-usage -MMD -MP -MF"Drivers/STM32F1xx_HAL_Driver/Src/stm32f1xx_hal_tim.d" -MT"Drivers/STM32F1xx_HAL_Driver/Src/stm32f1xx_hal_tim.o" --specs=nano.specs -mfloat-abi=soft -mthumb -o "Drivers/STM32F1xx_HAL_Driver/Src/stm32f1xx_hal_tim.o"
arm-none-eabi-gcc "../Drivers/STM32F1xx_HAL_Driver/Src/stm32f1xx_hal_tim_ex.c" -mcpu=cortex-m3 -std=gnu11 -g3 -DDEBUG -DUSE_HAL_DRIVER -DSTM32F103x6 -c -I../Core/Inc -I../Drivers/STM32F1xx_HAL_Driver/Inc -I../Drivers/STM32F1xx_HAL_Driver/Inc/Legacy -I../Drivers/CMSIS/Device/ST/STM32F1xx/Include -I../Drivers/CMSIS/Include -O0 -ffunction-sections -fdata-sections -Wall -fstack-usage -MMD -MP -MF"Drivers/STM32F1xx_HAL_Driver/Src/stm32f1xx_hal_tim_ex.d" -MT"Drivers/STM32F1xx_HAL_Driver/Src/stm32f1xx_hal_tim_ex.o" --specs=nano.specs -mfloat-abi=soft -mthumb -o "Drivers/STM32F1xx_HAL_Driver/Src/stm32f1xx_hal_tim_ex.o"
arm-none-eabi-gcc "../Core/Src/main.c" -mcpu=cortex-m3 -std=gnu11 -g3 -DDEBUG -DUSE_HAL_DRIVER -DSTM32F103x6 -c -I../Core/Inc -I../Drivers/STM32F1xx_HAL_Driver/Inc -I../Drivers/STM32F1xx_HAL_Driver/Inc/Legacy -I../Drivers/CMSIS/Device/ST/STM32F1xx/Include -I../Drivers/CMSIS/Include -O0 -ffunction-sections -fdata-sections -Wall -fstack-usage -MMD -MP -MF"Core/Src/main.d" -MT"Core/Src/main.o" --specs=nano.specs -mfloat-abi=soft -mthumb -o "Core/Src/main.o"
arm-none-eabi-gcc "../Core/Src/stm32f1xx_hal_msp.c" -mcpu=cortex-m3 -std=gnu11 -g3 -DDEBUG -DUSE_HAL_DRIVER -DSTM32F103x6 -c -I../Core/Inc -I../Drivers/STM32F1xx_HAL_Driver/Inc -I../Drivers/STM32F1xx_HAL_Driver/Inc/Legacy -I../Drivers/CMSIS/Device/ST/STM32F1xx/Include -I../Drivers/CMSIS/Include -O0 -ffunction-sections -fdata-sections -Wall -fstack-usage -MMD -MP -MF"Core/Src/stm32f1xx_hal_msp.d" -MT"Core/Src/stm32f1xx_hal_msp.o" --specs=nano.specs -mfloat-abi=soft -mthumb -o "Core/Src/stm32f1xx_hal_msp.o"
arm-none-eabi-gcc "../Core/Src/stm32f1xx_it.c" -mcpu=cortex-m3 -std=gnu11 -g3 -DDEBUG -DUSE_HAL_DRIVER -DSTM32F103x6 -c -I../Core/Inc -I../Drivers/STM32F1xx_HAL_Driver/Inc -I../Drivers/STM32F1xx_HAL_Driver/Inc/Legacy -I../Drivers/CMSIS/Device/ST/STM32F1xx/Include -I../Drivers/CMSIS/Include -O0 -ffunction-sections -fdata-sections -Wall -fstack-usage -MMD -MP -MF"Core/Src/stm32f1xx_it.d" -MT"Core/Src/stm32f1xx_it.o" --specs=nano.specs -mfloat-abi=soft -mthumb -o "Core/Src/stm32f1xx_it.o"
arm-none-eabi-gcc "../Core/Src/system_stm32f1xx.c" -mcpu=cortex-m3 -std=gnu11 -g3 -DDEBUG -DUSE_HAL_DRIVER -DSTM32F103x6 -c -I../Core/Inc -I../Drivers/STM32F1xx_HAL_Driver/Inc -I../Drivers/STM32F1xx_HAL_Driver/Inc/Legacy -I../Drivers/CMSIS/Device/ST/STM32F1xx/Include -I../Drivers/CMSIS/Include -O0 -ffunction-sections -fdata-sections -Wall -fstack-usage -MMD -MP -MF"Core/Src/system_stm32f1xx.d" -MT"Core/Src/system_stm32f1xx.o" --specs=nano.specs -mfloat-abi=soft -mthumb -o "Core/Src/system_stm32f1xx.o"
../Core/Src/main.c:120:1: error: expected identifier or '(' before '}' token
  120 | }
      | ^
make: *** [Core/Src/subdir.mk:34: Core/Src/main.o] Error 1
make: *** Waiting for unfinished jobs....
"make -j22 all" terminated with exit code 2. Build might be incomplete.
00:33:13 **** Incremental Build of configuration Debug for project Led_Animations ****
make -j22 all 
arm-none-eabi-gcc "../Core/Src/main.c" -mcpu=cortex-m3 -std=gnu11 -g3 -DDEBUG -DUSE_HAL_DRIVER -DSTM32F103x6 -c -I../Core/Inc -I../Drivers/STM32F1xx_HAL_Driver/Inc -I../Drivers/STM32F1xx_HAL_Driver/Inc/Legacy -I../Drivers/CMSIS/Device/ST/STM32F1xx/Include -I../Drivers/CMSIS/Include -O0 -ffunction-sections -fdata-sections -Wall -fstack-usage -MMD -MP -MF"Core/Src/main.d" -MT"Core/Src/main.o" --specs=nano.specs -mfloat-abi=soft -mthumb -o "Core/Src/main.o"
../Core/Src/main.c:120:1: error: expected identifier or '(' before '}' token
  120 | }
      | ^
make: *** [Core/Src/subdir.mk:34: Core/Src/main.o] Error 1
"make -j22 all" terminated with exit code 2. Build might be incomplete.
00:34:09 **** Incremental Build of configuration Debug for project Led_Animations ****
make -j22 all 
arm-none-eabi-gcc "../Core/Src/main.c" -mcpu=cortex-m3 -std=gnu11 -g3 -DDEBUG -DUSE_HAL_DRIVER -DSTM32F103x6 -c -I../Core/Inc -I../Drivers/STM32F1xx_HAL_Driver/Inc -I../Drivers/STM32F1xx_HAL_Driver/Inc/Legacy -I../Drivers/CMSIS/Device/ST/STM32F1xx/Include -I../Drivers/CMSIS/Include -O0 -ffunction-sections -fdata-sections -Wall -fstack-usage -MMD -MP -MF"Core/Src/main.d" -MT"Core/Src/main.o" --specs=nano.specs -mfloat-abi=soft -mthumb -o "Core/Src/main.o"
arm-none-eabi-gcc -o "Led_Animations.elf" @"objects.list"   -mcpu=cortex-m3 -T"C:\Users\Admin\STM32CubeIDE\workspace_1.7.0\Led_Animations\STM32F103C6UX_FLASH.ld" --specs=nosys.specs -Wl,-Map="Led_Animations.map" -Wl,--gc-sections -static --specs=nano.specs -mfloat-abi=soft -mthumb -Wl,--start-group -lc -lm -Wl,--end-group
Finished building target: Led_Animations.elf
 
arm-none-eabi-size   Led_Animations.elf 
arm-none-eabi-objdump -h -S  Led_Animations.elf  > "Led_Animations.list"
arm-none-eabi-objcopy  -O ihex  Led_Animations.elf  "Led_Animations.hex"
   text	   data	    bss	    dec	    hex	filename
   4620	     20	   1572	   6212	   1844	Led_Animations.elf
arm-none-eabi-objcopy  -O binary  Led_Animations.elf  "Led_Animations.bin"
Finished building: default.size.stdout
 
Finished building: Led_Animations.hex
Finished building: Led_Animations.list
Finished building: Led_Animations.bin
 
 
 
01:46:13 **** Incremental Build of configuration Debug for project Led_Animations ****
make -j22 all 
arm-none-eabi-gcc "../Drivers/STM32F1xx_HAL_Driver/Src/stm32f1xx_hal.c" -mcpu=cortex-m3 -std=gnu11 -g3 -DDEBUG -DUSE_HAL_DRIVER -DSTM32F103x6 -c -I../Core/Inc -I../Drivers/STM32F1xx_HAL_Driver/Inc -I../Drivers/STM32F1xx_HAL_Driver/Inc/Legacy -I../Drivers/CMSIS/Device/ST/STM32F1xx/Include -I../Drivers/CMSIS/Include -O0 -ffunction-sections -fdata-sections -Wall -fstack-usage -MMD -MP -MF"Drivers/STM32F1xx_HAL_Driver/Src/stm32f1xx_hal.d" -MT"Drivers/STM32F1xx_HAL_Driver/Src/stm32f1xx_hal.o" --specs=nano.specs -mfloat-abi=soft -mthumb -o "Drivers/STM32F1xx_HAL_Driver/Src/stm32f1xx_hal.o"
arm-none-eabi-gcc "../Drivers/STM32F1xx_HAL_Driver/Src/stm32f1xx_hal_cortex.c" -mcpu=cortex-m3 -std=gnu11 -g3 -DDEBUG -DUSE_HAL_DRIVER -DSTM32F103x6 -c -I../Core/Inc -I../Drivers/STM32F1xx_HAL_Driver/Inc -I../Drivers/STM32F1xx_HAL_Driver/Inc/Legacy -I../Drivers/CMSIS/Device/ST/STM32F1xx/Include -I../Drivers/CMSIS/Include -O0 -ffunction-sections -fdata-sections -Wall -fstack-usage -MMD -MP -MF"Drivers/STM32F1xx_HAL_Driver/Src/stm32f1xx_hal_cortex.d" -MT"Drivers/STM32F1xx_HAL_Driver/Src/stm32f1xx_hal_cortex.o" --specs=nano.specs -mfloat-abi=soft -mthumb -o "Drivers/STM32F1xx_HAL_Driver/Src/stm32f1xx_hal_cortex.o"
arm-none-eabi-gcc "../Drivers/STM32F1xx_HAL_Driver/Src/stm32f1xx_hal_dma.c" -mcpu=cortex-m3 -std=gnu11 -g3 -DDEBUG -DUSE_HAL_DRIVER -DSTM32F103x6 -c -I../Core/Inc -I../Drivers/STM32F1xx_HAL_Driver/Inc -I../Drivers/STM32F1xx_HAL_Driver/Inc/Legacy -I../Drivers/CMSIS/Device/ST/STM32F1xx/Include -I../Drivers/CMSIS/Include -O0 -ffunction-sections -fdata-sections -Wall -fstack-usage -MMD -MP -MF"Drivers/STM32F1xx_HAL_Driver/Src/stm32f1xx_hal_dma.d" -MT"Drivers/STM32F1xx_HAL_Driver/Src/stm32f1xx_hal_dma.o" --specs=nano.specs -mfloat-abi=soft -mthumb -o "Drivers/STM32F1xx_HAL_Driver/Src/stm32f1xx_hal_dma.o"
arm-none-eabi-gcc "../Drivers/STM32F1xx_HAL_Driver/Src/stm32f1xx_hal_exti.c" -mcpu=cortex-m3 -std=gnu11 -g3 -DDEBUG -DUSE_HAL_DRIVER -DSTM32F103x6 -c -I../Core/Inc -I../Drivers/STM32F1xx_HAL_Driver/Inc -I../Drivers/STM32F1xx_HAL_Driver/Inc/Legacy -I../Drivers/CMSIS/Device/ST/STM32F1xx/Include -I../Drivers/CMSIS/Include -O0 -ffunction-sections -fdata-sections -Wall -fstack-usage -MMD -MP -MF"Drivers/STM32F1xx_HAL_Driver/Src/stm32f1xx_hal_exti.d" -MT"Drivers/STM32F1xx_HAL_Driver/Src/stm32f1xx_hal_exti.o" --specs=nano.specs -mfloat-abi=soft -mthumb -o "Drivers/STM32F1xx_HAL_Driver/Src/stm32f1xx_hal_exti.o"
arm-none-eabi-gcc "../Drivers/STM32F1xx_HAL_Driver/Src/stm32f1xx_hal_flash.c" -mcpu=cortex-m3 -std=gnu11 -g3 -DDEBUG -DUSE_HAL_DRIVER -DSTM32F103x6 -c -I../Core/Inc -I../Drivers/STM32F1xx_HAL_Driver/Inc -I../Drivers/STM32F1xx_HAL_Driver/Inc/Legacy -I../Drivers/CMSIS/Device/ST/STM32F1xx/Include -I../Drivers/CMSIS/Include -O0 -ffunction-sections -fdata-sections -Wall -fstack-usage -MMD -MP -MF"Drivers/STM32F1xx_HAL_Driver/Src/stm32f1xx_hal_flash.d" -MT"Drivers/STM32F1xx_HAL_Driver/Src/stm32f1xx_hal_flash.o" --specs=nano.specs -mfloat-abi=soft -mthumb -o "Drivers/STM32F1xx_HAL_Driver/Src/stm32f1xx_hal_flash.o"
arm-none-eabi-gcc "../Drivers/STM32F1xx_HAL_Driver/Src/stm32f1xx_hal_flash_ex.c" -mcpu=cortex-m3 -std=gnu11 -g3 -DDEBUG -DUSE_HAL_DRIVER -DSTM32F103x6 -c -I../Core/Inc -I../Drivers/STM32F1xx_HAL_Driver/Inc -I../Drivers/STM32F1xx_HAL_Driver/Inc/Legacy -I../Drivers/CMSIS/Device/ST/STM32F1xx/Include -I../Drivers/CMSIS/Include -O0 -ffunction-sections -fdata-sections -Wall -fstack-usage -MMD -MP -MF"Drivers/STM32F1xx_HAL_Driver/Src/stm32f1xx_hal_flash_ex.d" -MT"Drivers/STM32F1xx_HAL_Driver/Src/stm32f1xx_hal_flash_ex.o" --specs=nano.specs -mfloat-abi=soft -mthumb -o "Drivers/STM32F1xx_HAL_Driver/Src/stm32f1xx_hal_flash_ex.o"
arm-none-eabi-gcc "../Drivers/STM32F1xx_HAL_Driver/Src/stm32f1xx_hal_gpio.c" -mcpu=cortex-m3 -std=gnu11 -g3 -DDEBUG -DUSE_HAL_DRIVER -DSTM32F103x6 -c -I../Core/Inc -I../Drivers/STM32F1xx_HAL_Driver/Inc -I../Drivers/STM32F1xx_HAL_Driver/Inc/Legacy -I../Drivers/CMSIS/Device/ST/STM32F1xx/Include -I../Drivers/CMSIS/Include -O0 -ffunction-sections -fdata-sections -Wall -fstack-usage -MMD -MP -MF"Drivers/STM32F1xx_HAL_Driver/Src/stm32f1xx_hal_gpio.d" -MT"Drivers/STM32F1xx_HAL_Driver/Src/stm32f1xx_hal_gpio.o" --specs=nano.specs -mfloat-abi=soft -mthumb -o "Drivers/STM32F1xx_HAL_Driver/Src/stm32f1xx_hal_gpio.o"
arm-none-eabi-gcc "../Drivers/STM32F1xx_HAL_Driver/Src/stm32f1xx_hal_gpio_ex.c" -mcpu=cortex-m3 -std=gnu11 -g3 -DDEBUG -DUSE_HAL_DRIVER -DSTM32F103x6 -c -I../Core/Inc -I../Drivers/STM32F1xx_HAL_Driver/Inc -I../Drivers/STM32F1xx_HAL_Driver/Inc/Legacy -I../Drivers/CMSIS/Device/ST/STM32F1xx/Include -I../Drivers/CMSIS/Include -O0 -ffunction-sections -fdata-sections -Wall -fstack-usage -MMD -MP -MF"Drivers/STM32F1xx_HAL_Driver/Src/stm32f1xx_hal_gpio_ex.d" -MT"Drivers/STM32F1xx_HAL_Driver/Src/stm32f1xx_hal_gpio_ex.o" --specs=nano.specs -mfloat-abi=soft -mthumb -o "Drivers/STM32F1xx_HAL_Driver/Src/stm32f1xx_hal_gpio_ex.o"
arm-none-eabi-gcc "../Drivers/STM32F1xx_HAL_Driver/Src/stm32f1xx_hal_pwr.c" -mcpu=cortex-m3 -std=gnu11 -g3 -DDEBUG -DUSE_HAL_DRIVER -DSTM32F103x6 -c -I../Core/Inc -I../Drivers/STM32F1xx_HAL_Driver/Inc -I../Drivers/STM32F1xx_HAL_Driver/Inc/Legacy -I../Drivers/CMSIS/Device/ST/STM32F1xx/Include -I../Drivers/CMSIS/Include -O0 -ffunction-sections -fdata-sections -Wall -fstack-usage -MMD -MP -MF"Drivers/STM32F1xx_HAL_Driver/Src/stm32f1xx_hal_pwr.d" -MT"Drivers/STM32F1xx_HAL_Driver/Src/stm32f1xx_hal_pwr.o" --specs=nano.specs -mfloat-abi=soft -mthumb -o "Drivers/STM32F1xx_HAL_Driver/Src/stm32f1xx_hal_pwr.o"
arm-none-eabi-gcc "../Drivers/STM32F1xx_HAL_Driver/Src/stm32f1xx_hal_rcc.c" -mcpu=cortex-m3 -std=gnu11 -g3 -DDEBUG -DUSE_HAL_DRIVER -DSTM32F103x6 -c -I../Core/Inc -I../Drivers/STM32F1xx_HAL_Driver/Inc -I../Drivers/STM32F1xx_HAL_Driver/Inc/Legacy -I../Drivers/CMSIS/Device/ST/STM32F1xx/Include -I../Drivers/CMSIS/Include -O0 -ffunction-sections -fdata-sections -Wall -fstack-usage -MMD -MP -MF"Drivers/STM32F1xx_HAL_Driver/Src/stm32f1xx_hal_rcc.d" -MT"Drivers/STM32F1xx_HAL_Driver/Src/stm32f1xx_hal_rcc.o" --specs=nano.specs -mfloat-abi=soft -mthumb -o "Drivers/STM32F1xx_HAL_Driver/Src/stm32f1xx_hal_rcc.o"
arm-none-eabi-gcc "../Drivers/STM32F1xx_HAL_Driver/Src/stm32f1xx_hal_rcc_ex.c" -mcpu=cortex-m3 -std=gnu11 -g3 -DDEBUG -DUSE_HAL_DRIVER -DSTM32F103x6 -c -I../Core/Inc -I../Drivers/STM32F1xx_HAL_Driver/Inc -I../Drivers/STM32F1xx_HAL_Driver/Inc/Legacy -I../Drivers/CMSIS/Device/ST/STM32F1xx/Include -I../Drivers/CMSIS/Include -O0 -ffunction-sections -fdata-sections -Wall -fstack-usage -MMD -MP -MF"Drivers/STM32F1xx_HAL_Driver/Src/stm32f1xx_hal_rcc_ex.d" -MT"Drivers/STM32F1xx_HAL_Driver/Src/stm32f1xx_hal_rcc_ex.o" --specs=nano.specs -mfloat-abi=soft -mthumb -o "Drivers/STM32F1xx_HAL_Driver/Src/stm32f1xx_hal_rcc_ex.o"
arm-none-eabi-gcc "../Drivers/STM32F1xx_HAL_Driver/Src/stm32f1xx_hal_tim.c" -mcpu=cortex-m3 -std=gnu11 -g3 -DDEBUG -DUSE_HAL_DRIVER -DSTM32F103x6 -c -I../Core/Inc -I../Drivers/STM32F1xx_HAL_Driver/Inc -I../Drivers/STM32F1xx_HAL_Driver/Inc/Legacy -I../Drivers/CMSIS/Device/ST/STM32F1xx/Include -I../Drivers/CMSIS/Include -O0 -ffunction-sections -fdata-sections -Wall -fstack-usage -MMD -MP -MF"Drivers/STM32F1xx_HAL_Driver/Src/stm32f1xx_hal_tim.d" -MT"Drivers/STM32F1xx_HAL_Driver/Src/stm32f1xx_hal_tim.o" --specs=nano.specs -mfloat-abi=soft -mthumb -o "Drivers/STM32F1xx_HAL_Driver/Src/stm32f1xx_hal_tim.o"
arm-none-eabi-gcc "../Drivers/STM32F1xx_HAL_Driver/Src/stm32f1xx_hal_tim_ex.c" -mcpu=cortex-m3 -std=gnu11 -g3 -DDEBUG -DUSE_HAL_DRIVER -DSTM32F103x6 -c -I../Core/Inc -I../Drivers/STM32F1xx_HAL_Driver/Inc -I../Drivers/STM32F1xx_HAL_Driver/Inc/Legacy -I../Drivers/CMSIS/Device/ST/STM32F1xx/Include -I../Drivers/CMSIS/Include -O0 -ffunction-sections -fdata-sections -Wall -fstack-usage -MMD -MP -MF"Drivers/STM32F1xx_HAL_Driver/Src/stm32f1xx_hal_tim_ex.d" -MT"Drivers/STM32F1xx_HAL_Driver/Src/stm32f1xx_hal_tim_ex.o" --specs=nano.specs -mfloat-abi=soft -mthumb -o "Drivers/STM32F1xx_HAL_Driver/Src/stm32f1xx_hal_tim_ex.o"
arm-none-eabi-gcc "../Core/Src/main.c" -mcpu=cortex-m3 -std=gnu11 -g3 -DDEBUG -DUSE_HAL_DRIVER -DSTM32F103x6 -c -I../Core/Inc -I../Drivers/STM32F1xx_HAL_Driver/Inc -I../Drivers/STM32F1xx_HAL_Driver/Inc/Legacy -I../Drivers/CMSIS/Device/ST/STM32F1xx/Include -I../Drivers/CMSIS/Include -O0 -ffunction-sections -fdata-sections -Wall -fstack-usage -MMD -MP -MF"Core/Src/main.d" -MT"Core/Src/main.o" --specs=nano.specs -mfloat-abi=soft -mthumb -o "Core/Src/main.o"
arm-none-eabi-gcc "../Core/Src/stm32f1xx_hal_msp.c" -mcpu=cortex-m3 -std=gnu11 -g3 -DDEBUG -DUSE_HAL_DRIVER -DSTM32F103x6 -c -I../Core/Inc -I../Drivers/STM32F1xx_HAL_Driver/Inc -I../Drivers/STM32F1xx_HAL_Driver/Inc/Legacy -I../Drivers/CMSIS/Device/ST/STM32F1xx/Include -I../Drivers/CMSIS/Include -O0 -ffunction-sections -fdata-sections -Wall -fstack-usage -MMD -MP -MF"Core/Src/stm32f1xx_hal_msp.d" -MT"Core/Src/stm32f1xx_hal_msp.o" --specs=nano.specs -mfloat-abi=soft -mthumb -o "Core/Src/stm32f1xx_hal_msp.o"
arm-none-eabi-gcc "../Core/Src/stm32f1xx_it.c" -mcpu=cortex-m3 -std=gnu11 -g3 -DDEBUG -DUSE_HAL_DRIVER -DSTM32F103x6 -c -I../Core/Inc -I../Drivers/STM32F1xx_HAL_Driver/Inc -I../Drivers/STM32F1xx_HAL_Driver/Inc/Legacy -I../Drivers/CMSIS/Device/ST/STM32F1xx/Include -I../Drivers/CMSIS/Include -O0 -ffunction-sections -fdata-sections -Wall -fstack-usage -MMD -MP -MF"Core/Src/stm32f1xx_it.d" -MT"Core/Src/stm32f1xx_it.o" --specs=nano.specs -mfloat-abi=soft -mthumb -o "Core/Src/stm32f1xx_it.o"
arm-none-eabi-gcc "../Core/Src/system_stm32f1xx.c" -mcpu=cortex-m3 -std=gnu11 -g3 -DDEBUG -DUSE_HAL_DRIVER -DSTM32F103x6 -c -I../Core/Inc -I../Drivers/STM32F1xx_HAL_Driver/Inc -I../Drivers/STM32F1xx_HAL_Driver/Inc/Legacy -I../Drivers/CMSIS/Device/ST/STM32F1xx/Include -I../Drivers/CMSIS/Include -O0 -ffunction-sections -fdata-sections -Wall -fstack-usage -MMD -MP -MF"Core/Src/system_stm32f1xx.d" -MT"Core/Src/system_stm32f1xx.o" --specs=nano.specs -mfloat-abi=soft -mthumb -o "Core/Src/system_stm32f1xx.o"
../Core/Src/main.c: In function 'main':
../Core/Src/main.c:99:25: error: 'GREEN_LED_GPIO_Port' undeclared (first use in this function); did you mean 'RED_LED_GPIO_Port'?
   99 |       HAL_GPIO_WritePin(GREEN_LED_GPIO_Port, GREEN_LED_Pin, GPIO_PIN_SET);
      |                         ^~~~~~~~~~~~~~~~~~~
      |                         RED_LED_GPIO_Port
../Core/Src/main.c:99:25: note: each undeclared identifier is reported only once for each function it appears in
../Core/Src/main.c:99:46: error: 'GREEN_LED_Pin' undeclared (first use in this function); did you mean 'RED_LED_Pin'?
   99 |       HAL_GPIO_WritePin(GREEN_LED_GPIO_Port, GREEN_LED_Pin, GPIO_PIN_SET);
      |                                              ^~~~~~~~~~~~~
      |                                              RED_LED_Pin
make: *** [Core/Src/subdir.mk:34: Core/Src/main.o] Error 1
make: *** Waiting for unfinished jobs....
"make -j22 all" terminated with exit code 2. Build might be incomplete.
07:44:17 **** Incremental Build of configuration Debug for project Led_Animations ****
make -j22 all 
arm-none-eabi-gcc "../Drivers/STM32F1xx_HAL_Driver/Src/stm32f1xx_hal.c" -mcpu=cortex-m3 -std=gnu11 -g3 -DDEBUG -DUSE_HAL_DRIVER -DSTM32F103x6 -c -I../Core/Inc -I../Drivers/STM32F1xx_HAL_Driver/Inc -I../Drivers/STM32F1xx_HAL_Driver/Inc/Legacy -I../Drivers/CMSIS/Device/ST/STM32F1xx/Include -I../Drivers/CMSIS/Include -O0 -ffunction-sections -fdata-sections -Wall -fstack-usage -MMD -MP -MF"Drivers/STM32F1xx_HAL_Driver/Src/stm32f1xx_hal.d" -MT"Drivers/STM32F1xx_HAL_Driver/Src/stm32f1xx_hal.o" --specs=nano.specs -mfloat-abi=soft -mthumb -o "Drivers/STM32F1xx_HAL_Driver/Src/stm32f1xx_hal.o"
arm-none-eabi-gcc "../Drivers/STM32F1xx_HAL_Driver/Src/stm32f1xx_hal_cortex.c" -mcpu=cortex-m3 -std=gnu11 -g3 -DDEBUG -DUSE_HAL_DRIVER -DSTM32F103x6 -c -I../Core/Inc -I../Drivers/STM32F1xx_HAL_Driver/Inc -I../Drivers/STM32F1xx_HAL_Driver/Inc/Legacy -I../Drivers/CMSIS/Device/ST/STM32F1xx/Include -I../Drivers/CMSIS/Include -O0 -ffunction-sections -fdata-sections -Wall -fstack-usage -MMD -MP -MF"Drivers/STM32F1xx_HAL_Driver/Src/stm32f1xx_hal_cortex.d" -MT"Drivers/STM32F1xx_HAL_Driver/Src/stm32f1xx_hal_cortex.o" --specs=nano.specs -mfloat-abi=soft -mthumb -o "Drivers/STM32F1xx_HAL_Driver/Src/stm32f1xx_hal_cortex.o"
arm-none-eabi-gcc "../Drivers/STM32F1xx_HAL_Driver/Src/stm32f1xx_hal_dma.c" -mcpu=cortex-m3 -std=gnu11 -g3 -DDEBUG -DUSE_HAL_DRIVER -DSTM32F103x6 -c -I../Core/Inc -I../Drivers/STM32F1xx_HAL_Driver/Inc -I../Drivers/STM32F1xx_HAL_Driver/Inc/Legacy -I../Drivers/CMSIS/Device/ST/STM32F1xx/Include -I../Drivers/CMSIS/Include -O0 -ffunction-sections -fdata-sections -Wall -fstack-usage -MMD -MP -MF"Drivers/STM32F1xx_HAL_Driver/Src/stm32f1xx_hal_dma.d" -MT"Drivers/STM32F1xx_HAL_Driver/Src/stm32f1xx_hal_dma.o" --specs=nano.specs -mfloat-abi=soft -mthumb -o "Drivers/STM32F1xx_HAL_Driver/Src/stm32f1xx_hal_dma.o"
arm-none-eabi-gcc "../Drivers/STM32F1xx_HAL_Driver/Src/stm32f1xx_hal_exti.c" -mcpu=cortex-m3 -std=gnu11 -g3 -DDEBUG -DUSE_HAL_DRIVER -DSTM32F103x6 -c -I../Core/Inc -I../Drivers/STM32F1xx_HAL_Driver/Inc -I../Drivers/STM32F1xx_HAL_Driver/Inc/Legacy -I../Drivers/CMSIS/Device/ST/STM32F1xx/Include -I../Drivers/CMSIS/Include -O0 -ffunction-sections -fdata-sections -Wall -fstack-usage -MMD -MP -MF"Drivers/STM32F1xx_HAL_Driver/Src/stm32f1xx_hal_exti.d" -MT"Drivers/STM32F1xx_HAL_Driver/Src/stm32f1xx_hal_exti.o" --specs=nano.specs -mfloat-abi=soft -mthumb -o "Drivers/STM32F1xx_HAL_Driver/Src/stm32f1xx_hal_exti.o"
arm-none-eabi-gcc "../Drivers/STM32F1xx_HAL_Driver/Src/stm32f1xx_hal_flash.c" -mcpu=cortex-m3 -std=gnu11 -g3 -DDEBUG -DUSE_HAL_DRIVER -DSTM32F103x6 -c -I../Core/Inc -I../Drivers/STM32F1xx_HAL_Driver/Inc -I../Drivers/STM32F1xx_HAL_Driver/Inc/Legacy -I../Drivers/CMSIS/Device/ST/STM32F1xx/Include -I../Drivers/CMSIS/Include -O0 -ffunction-sections -fdata-sections -Wall -fstack-usage -MMD -MP -MF"Drivers/STM32F1xx_HAL_Driver/Src/stm32f1xx_hal_flash.d" -MT"Drivers/STM32F1xx_HAL_Driver/Src/stm32f1xx_hal_flash.o" --specs=nano.specs -mfloat-abi=soft -mthumb -o "Drivers/STM32F1xx_HAL_Driver/Src/stm32f1xx_hal_flash.o"
arm-none-eabi-gcc "../Drivers/STM32F1xx_HAL_Driver/Src/stm32f1xx_hal_flash_ex.c" -mcpu=cortex-m3 -std=gnu11 -g3 -DDEBUG -DUSE_HAL_DRIVER -DSTM32F103x6 -c -I../Core/Inc -I../Drivers/STM32F1xx_HAL_Driver/Inc -I../Drivers/STM32F1xx_HAL_Driver/Inc/Legacy -I../Drivers/CMSIS/Device/ST/STM32F1xx/Include -I../Drivers/CMSIS/Include -O0 -ffunction-sections -fdata-sections -Wall -fstack-usage -MMD -MP -MF"Drivers/STM32F1xx_HAL_Driver/Src/stm32f1xx_hal_flash_ex.d" -MT"Drivers/STM32F1xx_HAL_Driver/Src/stm32f1xx_hal_flash_ex.o" --specs=nano.specs -mfloat-abi=soft -mthumb -o "Drivers/STM32F1xx_HAL_Driver/Src/stm32f1xx_hal_flash_ex.o"
arm-none-eabi-gcc "../Drivers/STM32F1xx_HAL_Driver/Src/stm32f1xx_hal_gpio.c" -mcpu=cortex-m3 -std=gnu11 -g3 -DDEBUG -DUSE_HAL_DRIVER -DSTM32F103x6 -c -I../Core/Inc -I../Drivers/STM32F1xx_HAL_Driver/Inc -I../Drivers/STM32F1xx_HAL_Driver/Inc/Legacy -I../Drivers/CMSIS/Device/ST/STM32F1xx/Include -I../Drivers/CMSIS/Include -O0 -ffunction-sections -fdata-sections -Wall -fstack-usage -MMD -MP -MF"Drivers/STM32F1xx_HAL_Driver/Src/stm32f1xx_hal_gpio.d" -MT"Drivers/STM32F1xx_HAL_Driver/Src/stm32f1xx_hal_gpio.o" --specs=nano.specs -mfloat-abi=soft -mthumb -o "Drivers/STM32F1xx_HAL_Driver/Src/stm32f1xx_hal_gpio.o"
arm-none-eabi-gcc "../Drivers/STM32F1xx_HAL_Driver/Src/stm32f1xx_hal_gpio_ex.c" -mcpu=cortex-m3 -std=gnu11 -g3 -DDEBUG -DUSE_HAL_DRIVER -DSTM32F103x6 -c -I../Core/Inc -I../Drivers/STM32F1xx_HAL_Driver/Inc -I../Drivers/STM32F1xx_HAL_Driver/Inc/Legacy -I../Drivers/CMSIS/Device/ST/STM32F1xx/Include -I../Drivers/CMSIS/Include -O0 -ffunction-sections -fdata-sections -Wall -fstack-usage -MMD -MP -MF"Drivers/STM32F1xx_HAL_Driver/Src/stm32f1xx_hal_gpio_ex.d" -MT"Drivers/STM32F1xx_HAL_Driver/Src/stm32f1xx_hal_gpio_ex.o" --specs=nano.specs -mfloat-abi=soft -mthumb -o "Drivers/STM32F1xx_HAL_Driver/Src/stm32f1xx_hal_gpio_ex.o"
arm-none-eabi-gcc "../Drivers/STM32F1xx_HAL_Driver/Src/stm32f1xx_hal_pwr.c" -mcpu=cortex-m3 -std=gnu11 -g3 -DDEBUG -DUSE_HAL_DRIVER -DSTM32F103x6 -c -I../Core/Inc -I../Drivers/STM32F1xx_HAL_Driver/Inc -I../Drivers/STM32F1xx_HAL_Driver/Inc/Legacy -I../Drivers/CMSIS/Device/ST/STM32F1xx/Include -I../Drivers/CMSIS/Include -O0 -ffunction-sections -fdata-sections -Wall -fstack-usage -MMD -MP -MF"Drivers/STM32F1xx_HAL_Driver/Src/stm32f1xx_hal_pwr.d" -MT"Drivers/STM32F1xx_HAL_Driver/Src/stm32f1xx_hal_pwr.o" --specs=nano.specs -mfloat-abi=soft -mthumb -o "Drivers/STM32F1xx_HAL_Driver/Src/stm32f1xx_hal_pwr.o"
arm-none-eabi-gcc "../Drivers/STM32F1xx_HAL_Driver/Src/stm32f1xx_hal_rcc.c" -mcpu=cortex-m3 -std=gnu11 -g3 -DDEBUG -DUSE_HAL_DRIVER -DSTM32F103x6 -c -I../Core/Inc -I../Drivers/STM32F1xx_HAL_Driver/Inc -I../Drivers/STM32F1xx_HAL_Driver/Inc/Legacy -I../Drivers/CMSIS/Device/ST/STM32F1xx/Include -I../Drivers/CMSIS/Include -O0 -ffunction-sections -fdata-sections -Wall -fstack-usage -MMD -MP -MF"Drivers/STM32F1xx_HAL_Driver/Src/stm32f1xx_hal_rcc.d" -MT"Drivers/STM32F1xx_HAL_Driver/Src/stm32f1xx_hal_rcc.o" --specs=nano.specs -mfloat-abi=soft -mthumb -o "Drivers/STM32F1xx_HAL_Driver/Src/stm32f1xx_hal_rcc.o"
arm-none-eabi-gcc "../Drivers/STM32F1xx_HAL_Driver/Src/stm32f1xx_hal_rcc_ex.c" -mcpu=cortex-m3 -std=gnu11 -g3 -DDEBUG -DUSE_HAL_DRIVER -DSTM32F103x6 -c -I../Core/Inc -I../Drivers/STM32F1xx_HAL_Driver/Inc -I../Drivers/STM32F1xx_HAL_Driver/Inc/Legacy -I../Drivers/CMSIS/Device/ST/STM32F1xx/Include -I../Drivers/CMSIS/Include -O0 -ffunction-sections -fdata-sections -Wall -fstack-usage -MMD -MP -MF"Drivers/STM32F1xx_HAL_Driver/Src/stm32f1xx_hal_rcc_ex.d" -MT"Drivers/STM32F1xx_HAL_Driver/Src/stm32f1xx_hal_rcc_ex.o" --specs=nano.specs -mfloat-abi=soft -mthumb -o "Drivers/STM32F1xx_HAL_Driver/Src/stm32f1xx_hal_rcc_ex.o"
arm-none-eabi-gcc "../Drivers/STM32F1xx_HAL_Driver/Src/stm32f1xx_hal_tim.c" -mcpu=cortex-m3 -std=gnu11 -g3 -DDEBUG -DUSE_HAL_DRIVER -DSTM32F103x6 -c -I../Core/Inc -I../Drivers/STM32F1xx_HAL_Driver/Inc -I../Drivers/STM32F1xx_HAL_Driver/Inc/Legacy -I../Drivers/CMSIS/Device/ST/STM32F1xx/Include -I../Drivers/CMSIS/Include -O0 -ffunction-sections -fdata-sections -Wall -fstack-usage -MMD -MP -MF"Drivers/STM32F1xx_HAL_Driver/Src/stm32f1xx_hal_tim.d" -MT"Drivers/STM32F1xx_HAL_Driver/Src/stm32f1xx_hal_tim.o" --specs=nano.specs -mfloat-abi=soft -mthumb -o "Drivers/STM32F1xx_HAL_Driver/Src/stm32f1xx_hal_tim.o"
arm-none-eabi-gcc "../Drivers/STM32F1xx_HAL_Driver/Src/stm32f1xx_hal_tim_ex.c" -mcpu=cortex-m3 -std=gnu11 -g3 -DDEBUG -DUSE_HAL_DRIVER -DSTM32F103x6 -c -I../Core/Inc -I../Drivers/STM32F1xx_HAL_Driver/Inc -I../Drivers/STM32F1xx_HAL_Driver/Inc/Legacy -I../Drivers/CMSIS/Device/ST/STM32F1xx/Include -I../Drivers/CMSIS/Include -O0 -ffunction-sections -fdata-sections -Wall -fstack-usage -MMD -MP -MF"Drivers/STM32F1xx_HAL_Driver/Src/stm32f1xx_hal_tim_ex.d" -MT"Drivers/STM32F1xx_HAL_Driver/Src/stm32f1xx_hal_tim_ex.o" --specs=nano.specs -mfloat-abi=soft -mthumb -o "Drivers/STM32F1xx_HAL_Driver/Src/stm32f1xx_hal_tim_ex.o"
arm-none-eabi-gcc "../Core/Src/main.c" -mcpu=cortex-m3 -std=gnu11 -g3 -DDEBUG -DUSE_HAL_DRIVER -DSTM32F103x6 -c -I../Core/Inc -I../Drivers/STM32F1xx_HAL_Driver/Inc -I../Drivers/STM32F1xx_HAL_Driver/Inc/Legacy -I../Drivers/CMSIS/Device/ST/STM32F1xx/Include -I../Drivers/CMSIS/Include -O0 -ffunction-sections -fdata-sections -Wall -fstack-usage -MMD -MP -MF"Core/Src/main.d" -MT"Core/Src/main.o" --specs=nano.specs -mfloat-abi=soft -mthumb -o "Core/Src/main.o"
arm-none-eabi-gcc "../Core/Src/stm32f1xx_hal_msp.c" -mcpu=cortex-m3 -std=gnu11 -g3 -DDEBUG -DUSE_HAL_DRIVER -DSTM32F103x6 -c -I../Core/Inc -I../Drivers/STM32F1xx_HAL_Driver/Inc -I../Drivers/STM32F1xx_HAL_Driver/Inc/Legacy -I../Drivers/CMSIS/Device/ST/STM32F1xx/Include -I../Drivers/CMSIS/Include -O0 -ffunction-sections -fdata-sections -Wall -fstack-usage -MMD -MP -MF"Core/Src/stm32f1xx_hal_msp.d" -MT"Core/Src/stm32f1xx_hal_msp.o" --specs=nano.specs -mfloat-abi=soft -mthumb -o "Core/Src/stm32f1xx_hal_msp.o"
arm-none-eabi-gcc "../Core/Src/stm32f1xx_it.c" -mcpu=cortex-m3 -std=gnu11 -g3 -DDEBUG -DUSE_HAL_DRIVER -DSTM32F103x6 -c -I../Core/Inc -I../Drivers/STM32F1xx_HAL_Driver/Inc -I../Drivers/STM32F1xx_HAL_Driver/Inc/Legacy -I../Drivers/CMSIS/Device/ST/STM32F1xx/Include -I../Drivers/CMSIS/Include -O0 -ffunction-sections -fdata-sections -Wall -fstack-usage -MMD -MP -MF"Core/Src/stm32f1xx_it.d" -MT"Core/Src/stm32f1xx_it.o" --specs=nano.specs -mfloat-abi=soft -mthumb -o "Core/Src/stm32f1xx_it.o"
arm-none-eabi-gcc "../Core/Src/system_stm32f1xx.c" -mcpu=cortex-m3 -std=gnu11 -g3 -DDEBUG -DUSE_HAL_DRIVER -DSTM32F103x6 -c -I../Core/Inc -I../Drivers/STM32F1xx_HAL_Driver/Inc -I../Drivers/STM32F1xx_HAL_Driver/Inc/Legacy -I../Drivers/CMSIS/Device/ST/STM32F1xx/Include -I../Drivers/CMSIS/Include -O0 -ffunction-sections -fdata-sections -Wall -fstack-usage -MMD -MP -MF"Core/Src/system_stm32f1xx.d" -MT"Core/Src/system_stm32f1xx.o" --specs=nano.specs -mfloat-abi=soft -mthumb -o "Core/Src/system_stm32f1xx.o"
arm-none-eabi-gcc -o "Led_Animations.elf" @"objects.list"   -mcpu=cortex-m3 -T"C:\Users\Admin\STM32CubeIDE\workspace_1.7.0\Led_Animations\STM32F103C6UX_FLASH.ld" --specs=nosys.specs -Wl,-Map="Led_Animations.map" -Wl,--gc-sections -static --specs=nano.specs -mfloat-abi=soft -mthumb -Wl,--start-group -lc -lm -Wl,--end-group
Finished building target: Led_Animations.elf
 
arm-none-eabi-size   Led_Animations.elf 
arm-none-eabi-objdump -h -S  Led_Animations.elf  > "Led_Animations.list"
arm-none-eabi-objcopy  -O ihex  Led_Animations.elf  "Led_Animations.hex"
   text	   data	    bss	    dec	    hex	filename
   4996	     20	   1572	   6588	   19bc	Led_Animations.elf
arm-none-eabi-objcopy  -O binary  Led_Animations.elf  "Led_Animations.bin"
Finished building: default.size.stdout
 
Finished building: Led_Animations.bin
Finished building: Led_Animations.hex
 
 
Finished building: Led_Animations.list
 
12:33:32 **** Incremental Build of configuration Debug for project Led_Animations ****
make -j22 all 
arm-none-eabi-gcc "../Core/Src/main.c" -mcpu=cortex-m3 -std=gnu11 -g3 -DDEBUG -DUSE_HAL_DRIVER -DSTM32F103x6 -c -I../Core/Inc -I../Drivers/STM32F1xx_HAL_Driver/Inc -I../Drivers/STM32F1xx_HAL_Driver/Inc/Legacy -I../Drivers/CMSIS/Device/ST/STM32F1xx/Include -I../Drivers/CMSIS/Include -O0 -ffunction-sections -fdata-sections -Wall -fstack-usage -MMD -MP -MF"Core/Src/main.d" -MT"Core/Src/main.o" --specs=nano.specs -mfloat-abi=soft -mthumb -o "Core/Src/main.o"
../Core/Src/main.c: In function 'main':
../Core/Src/main.c:99:25: error: 'LR_RED_GPIO_Port' undeclared (first use in this function); did you mean 'NORTH_RED_GPIO_Port'?
   99 |       HAL_GPIO_WritePin(LR_RED_GPIO_Port, LR_RED_Pin, GPIO_PIN_SET);
      |                         ^~~~~~~~~~~~~~~~
      |                         NORTH_RED_GPIO_Port
../Core/Src/main.c:99:25: note: each undeclared identifier is reported only once for each function it appears in
../Core/Src/main.c:99:43: error: 'LR_RED_Pin' undeclared (first use in this function); did you mean 'WEST_RED_Pin'?
   99 |       HAL_GPIO_WritePin(LR_RED_GPIO_Port, LR_RED_Pin, GPIO_PIN_SET);
      |                                           ^~~~~~~~~~
      |                                           WEST_RED_Pin
../Core/Src/main.c:100:25: error: 'LR_YELLOW_GPIO_Port' undeclared (first use in this function); did you mean 'EAST_YELLOW_GPIO_Port'?
  100 |       HAL_GPIO_WritePin(LR_YELLOW_GPIO_Port, LR_YELLOW_Pin, GPIO_PIN_SET);
      |                         ^~~~~~~~~~~~~~~~~~~
      |                         EAST_YELLOW_GPIO_Port
../Core/Src/main.c:100:46: error: 'LR_YELLOW_Pin' undeclared (first use in this function); did you mean 'EAST_YELLOW_Pin'?
  100 |       HAL_GPIO_WritePin(LR_YELLOW_GPIO_Port, LR_YELLOW_Pin, GPIO_PIN_SET);
      |                                              ^~~~~~~~~~~~~
      |                                              EAST_YELLOW_Pin
../Core/Src/main.c:101:25: error: 'LR_GREEN_GPIO_Port' undeclared (first use in this function); did you mean 'WEST_GREEN_GPIO_Port'?
  101 |       HAL_GPIO_WritePin(LR_GREEN_GPIO_Port, LR_GREEN_Pin, GPIO_PIN_RESET);
      |                         ^~~~~~~~~~~~~~~~~~
      |                         WEST_GREEN_GPIO_Port
../Core/Src/main.c:101:45: error: 'LR_GREEN_Pin' undeclared (first use in this function); did you mean 'EAST_GREEN_Pin'?
  101 |       HAL_GPIO_WritePin(LR_GREEN_GPIO_Port, LR_GREEN_Pin, GPIO_PIN_RESET);
      |                                             ^~~~~~~~~~~~
      |                                             EAST_GREEN_Pin
../Core/Src/main.c:103:25: error: 'TB_RED_GPIO_Port' undeclared (first use in this function); did you mean 'NORTH_RED_GPIO_Port'?
  103 |       HAL_GPIO_WritePin(TB_RED_GPIO_Port, TB_RED_Pin, GPIO_PIN_RESET);
      |                         ^~~~~~~~~~~~~~~~
      |                         NORTH_RED_GPIO_Port
../Core/Src/main.c:103:43: error: 'TB_RED_Pin' undeclared (first use in this function); did you mean 'WEST_RED_Pin'?
  103 |       HAL_GPIO_WritePin(TB_RED_GPIO_Port, TB_RED_Pin, GPIO_PIN_RESET);
      |                                           ^~~~~~~~~~
      |                                           WEST_RED_Pin
../Core/Src/main.c:104:25: error: 'TB_YELLOW_GPIO_Port' undeclared (first use in this function); did you mean 'SOUTH_YELLOW_GPIO_Port'?
  104 |       HAL_GPIO_WritePin(TB_YELLOW_GPIO_Port, TB_YELLOW_Pin, GPIO_PIN_SET);
      |                         ^~~~~~~~~~~~~~~~~~~
      |                         SOUTH_YELLOW_GPIO_Port
../Core/Src/main.c:104:46: error: 'TB_YELLOW_Pin' undeclared (first use in this function); did you mean 'EAST_YELLOW_Pin'?
  104 |       HAL_GPIO_WritePin(TB_YELLOW_GPIO_Port, TB_YELLOW_Pin, GPIO_PIN_SET);
      |                                              ^~~~~~~~~~~~~
      |                                              EAST_YELLOW_Pin
../Core/Src/main.c:105:25: error: 'TB_GREEN_GPIO_Port' undeclared (first use in this function); did you mean 'WEST_GREEN_GPIO_Port'?
  105 |       HAL_GPIO_WritePin(TB_GREEN_GPIO_Port, TB_GREEN_Pin, GPIO_PIN_SET);
      |                         ^~~~~~~~~~~~~~~~~~
      |                         WEST_GREEN_GPIO_Port
../Core/Src/main.c:105:45: error: 'TB_GREEN_Pin' undeclared (first use in this function); did you mean 'EAST_GREEN_Pin'?
  105 |       HAL_GPIO_WritePin(TB_GREEN_GPIO_Port, TB_GREEN_Pin, GPIO_PIN_SET);
      |                                             ^~~~~~~~~~~~
      |                                             EAST_GREEN_Pin
make: *** [Core/Src/subdir.mk:34: Core/Src/main.o] Error 1
"make -j22 all" terminated with exit code 2. Build might be incomplete.
12:35:10 **** Incremental Build of configuration Debug for project Led_Animations ****
make -j22 all 
arm-none-eabi-gcc "../Core/Src/main.c" -mcpu=cortex-m3 -std=gnu11 -g3 -DDEBUG -DUSE_HAL_DRIVER -DSTM32F103x6 -c -I../Core/Inc -I../Drivers/STM32F1xx_HAL_Driver/Inc -I../Drivers/STM32F1xx_HAL_Driver/Inc/Legacy -I../Drivers/CMSIS/Device/ST/STM32F1xx/Include -I../Drivers/CMSIS/Include -O0 -ffunction-sections -fdata-sections -Wall -fstack-usage -MMD -MP -MF"Core/Src/main.d" -MT"Core/Src/main.o" --specs=nano.specs -mfloat-abi=soft -mthumb -o "Core/Src/main.o"
../Core/Src/main.c: In function 'main':
../Core/Src/main.c:99:25: error: 'LR_RED_GPIO_Port' undeclared (first use in this function); did you mean 'NORTH_RED_GPIO_Port'?
   99 |       HAL_GPIO_WritePin(LR_RED_GPIO_Port, LR_RED_Pin, GPIO_PIN_SET);
      |                         ^~~~~~~~~~~~~~~~
      |                         NORTH_RED_GPIO_Port
../Core/Src/main.c:99:25: note: each undeclared identifier is reported only once for each function it appears in
../Core/Src/main.c:99:43: error: 'LR_RED_Pin' undeclared (first use in this function); did you mean 'WEST_RED_Pin'?
   99 |       HAL_GPIO_WritePin(LR_RED_GPIO_Port, LR_RED_Pin, GPIO_PIN_SET);
      |                                           ^~~~~~~~~~
      |                                           WEST_RED_Pin
../Core/Src/main.c:100:25: error: 'LR_YELLOW_GPIO_Port' undeclared (first use in this function); did you mean 'EAST_YELLOW_GPIO_Port'?
  100 |       HAL_GPIO_WritePin(LR_YELLOW_GPIO_Port, LR_YELLOW_Pin, GPIO_PIN_SET);
      |                         ^~~~~~~~~~~~~~~~~~~
      |                         EAST_YELLOW_GPIO_Port
../Core/Src/main.c:100:46: error: 'LR_YELLOW_Pin' undeclared (first use in this function); did you mean 'EAST_YELLOW_Pin'?
  100 |       HAL_GPIO_WritePin(LR_YELLOW_GPIO_Port, LR_YELLOW_Pin, GPIO_PIN_SET);
      |                                              ^~~~~~~~~~~~~
      |                                              EAST_YELLOW_Pin
../Core/Src/main.c:101:25: error: 'LR_GREEN_GPIO_Port' undeclared (first use in this function); did you mean 'WEST_GREEN_GPIO_Port'?
  101 |       HAL_GPIO_WritePin(LR_GREEN_GPIO_Port, LR_GREEN_Pin, GPIO_PIN_RESET);
      |                         ^~~~~~~~~~~~~~~~~~
      |                         WEST_GREEN_GPIO_Port
../Core/Src/main.c:101:45: error: 'LR_GREEN_Pin' undeclared (first use in this function); did you mean 'EAST_GREEN_Pin'?
  101 |       HAL_GPIO_WritePin(LR_GREEN_GPIO_Port, LR_GREEN_Pin, GPIO_PIN_RESET);
      |                                             ^~~~~~~~~~~~
      |                                             EAST_GREEN_Pin
../Core/Src/main.c:103:25: error: 'TB_RED_GPIO_Port' undeclared (first use in this function); did you mean 'NORTH_RED_GPIO_Port'?
  103 |       HAL_GPIO_WritePin(TB_RED_GPIO_Port, TB_RED_Pin, GPIO_PIN_RESET);
      |                         ^~~~~~~~~~~~~~~~
      |                         NORTH_RED_GPIO_Port
../Core/Src/main.c:103:43: error: 'TB_RED_Pin' undeclared (first use in this function); did you mean 'WEST_RED_Pin'?
  103 |       HAL_GPIO_WritePin(TB_RED_GPIO_Port, TB_RED_Pin, GPIO_PIN_RESET);
      |                                           ^~~~~~~~~~
      |                                           WEST_RED_Pin
../Core/Src/main.c:104:25: error: 'TB_YELLOW_GPIO_Port' undeclared (first use in this function); did you mean 'SOUTH_YELLOW_GPIO_Port'?
  104 |       HAL_GPIO_WritePin(TB_YELLOW_GPIO_Port, TB_YELLOW_Pin, GPIO_PIN_SET);
      |                         ^~~~~~~~~~~~~~~~~~~
      |                         SOUTH_YELLOW_GPIO_Port
../Core/Src/main.c:104:46: error: 'TB_YELLOW_Pin' undeclared (first use in this function); did you mean 'EAST_YELLOW_Pin'?
  104 |       HAL_GPIO_WritePin(TB_YELLOW_GPIO_Port, TB_YELLOW_Pin, GPIO_PIN_SET);
      |                                              ^~~~~~~~~~~~~
      |                                              EAST_YELLOW_Pin
../Core/Src/main.c:105:25: error: 'TB_GREEN_GPIO_Port' undeclared (first use in this function); did you mean 'WEST_GREEN_GPIO_Port'?
  105 |       HAL_GPIO_WritePin(TB_GREEN_GPIO_Port, TB_GREEN_Pin, GPIO_PIN_SET);
      |                         ^~~~~~~~~~~~~~~~~~
      |                         WEST_GREEN_GPIO_Port
../Core/Src/main.c:105:45: error: 'TB_GREEN_Pin' undeclared (first use in this function); did you mean 'EAST_GREEN_Pin'?
  105 |       HAL_GPIO_WritePin(TB_GREEN_GPIO_Port, TB_GREEN_Pin, GPIO_PIN_SET);
      |                                             ^~~~~~~~~~~~
      |                                             EAST_GREEN_Pin
make: *** [Core/Src/subdir.mk:34: Core/Src/main.o] Error 1
"make -j22 all" terminated with exit code 2. Build might be incomplete.
12:35:36 **** Incremental Build of configuration Debug for project Led_Animations ****
make -j22 all 
arm-none-eabi-gcc "../Core/Src/main.c" -mcpu=cortex-m3 -std=gnu11 -g3 -DDEBUG -DUSE_HAL_DRIVER -DSTM32F103x6 -c -I../Core/Inc -I../Drivers/STM32F1xx_HAL_Driver/Inc -I../Drivers/STM32F1xx_HAL_Driver/Inc/Legacy -I../Drivers/CMSIS/Device/ST/STM32F1xx/Include -I../Drivers/CMSIS/Include -O0 -ffunction-sections -fdata-sections -Wall -fstack-usage -MMD -MP -MF"Core/Src/main.d" -MT"Core/Src/main.o" --specs=nano.specs -mfloat-abi=soft -mthumb -o "Core/Src/main.o"
../Core/Src/main.c: In function 'main':
../Core/Src/main.c:99:25: error: 'LR_RED_GPIO_Port' undeclared (first use in this function); did you mean 'NORTH_RED_GPIO_Port'?
   99 |       HAL_GPIO_WritePin(LR_RED_GPIO_Port, LR_RED_Pin, GPIO_PIN_SET);
      |                         ^~~~~~~~~~~~~~~~
      |                         NORTH_RED_GPIO_Port
../Core/Src/main.c:99:25: note: each undeclared identifier is reported only once for each function it appears in
../Core/Src/main.c:99:43: error: 'LR_RED_Pin' undeclared (first use in this function); did you mean 'WEST_RED_Pin'?
   99 |       HAL_GPIO_WritePin(LR_RED_GPIO_Port, LR_RED_Pin, GPIO_PIN_SET);
      |                                           ^~~~~~~~~~
      |                                           WEST_RED_Pin
../Core/Src/main.c:100:25: error: 'LR_YELLOW_GPIO_Port' undeclared (first use in this function); did you mean 'EAST_YELLOW_GPIO_Port'?
  100 |       HAL_GPIO_WritePin(LR_YELLOW_GPIO_Port, LR_YELLOW_Pin, GPIO_PIN_SET);
      |                         ^~~~~~~~~~~~~~~~~~~
      |                         EAST_YELLOW_GPIO_Port
../Core/Src/main.c:100:46: error: 'LR_YELLOW_Pin' undeclared (first use in this function); did you mean 'EAST_YELLOW_Pin'?
  100 |       HAL_GPIO_WritePin(LR_YELLOW_GPIO_Port, LR_YELLOW_Pin, GPIO_PIN_SET);
      |                                              ^~~~~~~~~~~~~
      |                                              EAST_YELLOW_Pin
../Core/Src/main.c:101:25: error: 'LR_GREEN_GPIO_Port' undeclared (first use in this function); did you mean 'WEST_GREEN_GPIO_Port'?
  101 |       HAL_GPIO_WritePin(LR_GREEN_GPIO_Port, LR_GREEN_Pin, GPIO_PIN_RESET);
      |                         ^~~~~~~~~~~~~~~~~~
      |                         WEST_GREEN_GPIO_Port
../Core/Src/main.c:101:45: error: 'LR_GREEN_Pin' undeclared (first use in this function); did you mean 'EAST_GREEN_Pin'?
  101 |       HAL_GPIO_WritePin(LR_GREEN_GPIO_Port, LR_GREEN_Pin, GPIO_PIN_RESET);
      |                                             ^~~~~~~~~~~~
      |                                             EAST_GREEN_Pin
../Core/Src/main.c:103:25: error: 'TB_RED_GPIO_Port' undeclared (first use in this function); did you mean 'NORTH_RED_GPIO_Port'?
  103 |       HAL_GPIO_WritePin(TB_RED_GPIO_Port, TB_RED_Pin, GPIO_PIN_RESET);
      |                         ^~~~~~~~~~~~~~~~
      |                         NORTH_RED_GPIO_Port
../Core/Src/main.c:103:43: error: 'TB_RED_Pin' undeclared (first use in this function); did you mean 'WEST_RED_Pin'?
  103 |       HAL_GPIO_WritePin(TB_RED_GPIO_Port, TB_RED_Pin, GPIO_PIN_RESET);
      |                                           ^~~~~~~~~~
      |                                           WEST_RED_Pin
../Core/Src/main.c:104:25: error: 'TB_YELLOW_GPIO_Port' undeclared (first use in this function); did you mean 'SOUTH_YELLOW_GPIO_Port'?
  104 |       HAL_GPIO_WritePin(TB_YELLOW_GPIO_Port, TB_YELLOW_Pin, GPIO_PIN_SET);
      |                         ^~~~~~~~~~~~~~~~~~~
      |                         SOUTH_YELLOW_GPIO_Port
../Core/Src/main.c:104:46: error: 'TB_YELLOW_Pin' undeclared (first use in this function); did you mean 'EAST_YELLOW_Pin'?
  104 |       HAL_GPIO_WritePin(TB_YELLOW_GPIO_Port, TB_YELLOW_Pin, GPIO_PIN_SET);
      |                                              ^~~~~~~~~~~~~
      |                                              EAST_YELLOW_Pin
../Core/Src/main.c:105:25: error: 'TB_GREEN_GPIO_Port' undeclared (first use in this function); did you mean 'WEST_GREEN_GPIO_Port'?
  105 |       HAL_GPIO_WritePin(TB_GREEN_GPIO_Port, TB_GREEN_Pin, GPIO_PIN_SET);
      |                         ^~~~~~~~~~~~~~~~~~
      |                         WEST_GREEN_GPIO_Port
../Core/Src/main.c:105:45: error: 'TB_GREEN_Pin' undeclared (first use in this function); did you mean 'EAST_GREEN_Pin'?
  105 |       HAL_GPIO_WritePin(TB_GREEN_GPIO_Port, TB_GREEN_Pin, GPIO_PIN_SET);
      |                                             ^~~~~~~~~~~~
      |                                             EAST_GREEN_Pin
make: *** [Core/Src/subdir.mk:34: Core/Src/main.o] Error 1
"make -j22 all" terminated with exit code 2. Build might be incomplete.
12:36:05 **** Incremental Build of configuration Debug for project Led_Animations ****
make -j22 all 
arm-none-eabi-gcc "../Core/Src/main.c" -mcpu=cortex-m3 -std=gnu11 -g3 -DDEBUG -DUSE_HAL_DRIVER -DSTM32F103x6 -c -I../Core/Inc -I../Drivers/STM32F1xx_HAL_Driver/Inc -I../Drivers/STM32F1xx_HAL_Driver/Inc/Legacy -I../Drivers/CMSIS/Device/ST/STM32F1xx/Include -I../Drivers/CMSIS/Include -O0 -ffunction-sections -fdata-sections -Wall -fstack-usage -MMD -MP -MF"Core/Src/main.d" -MT"Core/Src/main.o" --specs=nano.specs -mfloat-abi=soft -mthumb -o "Core/Src/main.o"
../Core/Src/main.c: In function 'main':
../Core/Src/main.c:99:25: error: 'LR_RED_GPIO_Port' undeclared (first use in this function); did you mean 'NORTH_RED_GPIO_Port'?
   99 |       HAL_GPIO_WritePin(LR_RED_GPIO_Port, LR_RED_Pin, GPIO_PIN_SET);
      |                         ^~~~~~~~~~~~~~~~
      |                         NORTH_RED_GPIO_Port
../Core/Src/main.c:99:25: note: each undeclared identifier is reported only once for each function it appears in
../Core/Src/main.c:99:43: error: 'LR_RED_Pin' undeclared (first use in this function); did you mean 'WEST_RED_Pin'?
   99 |       HAL_GPIO_WritePin(LR_RED_GPIO_Port, LR_RED_Pin, GPIO_PIN_SET);
      |                                           ^~~~~~~~~~
      |                                           WEST_RED_Pin
../Core/Src/main.c:100:25: error: 'LR_YELLOW_GPIO_Port' undeclared (first use in this function); did you mean 'EAST_YELLOW_GPIO_Port'?
  100 |       HAL_GPIO_WritePin(LR_YELLOW_GPIO_Port, LR_YELLOW_Pin, GPIO_PIN_SET);
      |                         ^~~~~~~~~~~~~~~~~~~
      |                         EAST_YELLOW_GPIO_Port
../Core/Src/main.c:100:46: error: 'LR_YELLOW_Pin' undeclared (first use in this function); did you mean 'EAST_YELLOW_Pin'?
  100 |       HAL_GPIO_WritePin(LR_YELLOW_GPIO_Port, LR_YELLOW_Pin, GPIO_PIN_SET);
      |                                              ^~~~~~~~~~~~~
      |                                              EAST_YELLOW_Pin
../Core/Src/main.c:101:25: error: 'LR_GREEN_GPIO_Port' undeclared (first use in this function); did you mean 'WEST_GREEN_GPIO_Port'?
  101 |       HAL_GPIO_WritePin(LR_GREEN_GPIO_Port, LR_GREEN_Pin, GPIO_PIN_RESET);
      |                         ^~~~~~~~~~~~~~~~~~
      |                         WEST_GREEN_GPIO_Port
../Core/Src/main.c:101:45: error: 'LR_GREEN_Pin' undeclared (first use in this function); did you mean 'EAST_GREEN_Pin'?
  101 |       HAL_GPIO_WritePin(LR_GREEN_GPIO_Port, LR_GREEN_Pin, GPIO_PIN_RESET);
      |                                             ^~~~~~~~~~~~
      |                                             EAST_GREEN_Pin
../Core/Src/main.c:103:25: error: 'TB_RED_GPIO_Port' undeclared (first use in this function); did you mean 'NORTH_RED_GPIO_Port'?
  103 |       HAL_GPIO_WritePin(TB_RED_GPIO_Port, TB_RED_Pin, GPIO_PIN_RESET);
      |                         ^~~~~~~~~~~~~~~~
      |                         NORTH_RED_GPIO_Port
../Core/Src/main.c:103:43: error: 'TB_RED_Pin' undeclared (first use in this function); did you mean 'WEST_RED_Pin'?
  103 |       HAL_GPIO_WritePin(TB_RED_GPIO_Port, TB_RED_Pin, GPIO_PIN_RESET);
      |                                           ^~~~~~~~~~
      |                                           WEST_RED_Pin
../Core/Src/main.c:104:25: error: 'TB_YELLOW_GPIO_Port' undeclared (first use in this function); did you mean 'SOUTH_YELLOW_GPIO_Port'?
  104 |       HAL_GPIO_WritePin(TB_YELLOW_GPIO_Port, TB_YELLOW_Pin, GPIO_PIN_SET);
      |                         ^~~~~~~~~~~~~~~~~~~
      |                         SOUTH_YELLOW_GPIO_Port
../Core/Src/main.c:104:46: error: 'TB_YELLOW_Pin' undeclared (first use in this function); did you mean 'EAST_YELLOW_Pin'?
  104 |       HAL_GPIO_WritePin(TB_YELLOW_GPIO_Port, TB_YELLOW_Pin, GPIO_PIN_SET);
      |                                              ^~~~~~~~~~~~~
      |                                              EAST_YELLOW_Pin
../Core/Src/main.c:105:25: error: 'TB_GREEN_GPIO_Port' undeclared (first use in this function); did you mean 'WEST_GREEN_GPIO_Port'?
  105 |       HAL_GPIO_WritePin(TB_GREEN_GPIO_Port, TB_GREEN_Pin, GPIO_PIN_SET);
      |                         ^~~~~~~~~~~~~~~~~~
      |                         WEST_GREEN_GPIO_Port
../Core/Src/main.c:105:45: error: 'TB_GREEN_Pin' undeclared (first use in this function); did you mean 'EAST_GREEN_Pin'?
  105 |       HAL_GPIO_WritePin(TB_GREEN_GPIO_Port, TB_GREEN_Pin, GPIO_PIN_SET);
      |                                             ^~~~~~~~~~~~
      |                                             EAST_GREEN_Pin
make: *** [Core/Src/subdir.mk:34: Core/Src/main.o] Error 1
"make -j22 all" terminated with exit code 2. Build might be incomplete.
12:36:58 **** Incremental Build of configuration Debug for project Led_Animations ****
make -j22 all 
arm-none-eabi-gcc "../Drivers/STM32F1xx_HAL_Driver/Src/stm32f1xx_hal.c" -mcpu=cortex-m3 -std=gnu11 -g3 -DDEBUG -DUSE_HAL_DRIVER -DSTM32F103x6 -c -I../Core/Inc -I../Drivers/STM32F1xx_HAL_Driver/Inc -I../Drivers/STM32F1xx_HAL_Driver/Inc/Legacy -I../Drivers/CMSIS/Device/ST/STM32F1xx/Include -I../Drivers/CMSIS/Include -O0 -ffunction-sections -fdata-sections -Wall -fstack-usage -MMD -MP -MF"Drivers/STM32F1xx_HAL_Driver/Src/stm32f1xx_hal.d" -MT"Drivers/STM32F1xx_HAL_Driver/Src/stm32f1xx_hal.o" --specs=nano.specs -mfloat-abi=soft -mthumb -o "Drivers/STM32F1xx_HAL_Driver/Src/stm32f1xx_hal.o"
arm-none-eabi-gcc "../Drivers/STM32F1xx_HAL_Driver/Src/stm32f1xx_hal_cortex.c" -mcpu=cortex-m3 -std=gnu11 -g3 -DDEBUG -DUSE_HAL_DRIVER -DSTM32F103x6 -c -I../Core/Inc -I../Drivers/STM32F1xx_HAL_Driver/Inc -I../Drivers/STM32F1xx_HAL_Driver/Inc/Legacy -I../Drivers/CMSIS/Device/ST/STM32F1xx/Include -I../Drivers/CMSIS/Include -O0 -ffunction-sections -fdata-sections -Wall -fstack-usage -MMD -MP -MF"Drivers/STM32F1xx_HAL_Driver/Src/stm32f1xx_hal_cortex.d" -MT"Drivers/STM32F1xx_HAL_Driver/Src/stm32f1xx_hal_cortex.o" --specs=nano.specs -mfloat-abi=soft -mthumb -o "Drivers/STM32F1xx_HAL_Driver/Src/stm32f1xx_hal_cortex.o"
arm-none-eabi-gcc "../Drivers/STM32F1xx_HAL_Driver/Src/stm32f1xx_hal_dma.c" -mcpu=cortex-m3 -std=gnu11 -g3 -DDEBUG -DUSE_HAL_DRIVER -DSTM32F103x6 -c -I../Core/Inc -I../Drivers/STM32F1xx_HAL_Driver/Inc -I../Drivers/STM32F1xx_HAL_Driver/Inc/Legacy -I../Drivers/CMSIS/Device/ST/STM32F1xx/Include -I../Drivers/CMSIS/Include -O0 -ffunction-sections -fdata-sections -Wall -fstack-usage -MMD -MP -MF"Drivers/STM32F1xx_HAL_Driver/Src/stm32f1xx_hal_dma.d" -MT"Drivers/STM32F1xx_HAL_Driver/Src/stm32f1xx_hal_dma.o" --specs=nano.specs -mfloat-abi=soft -mthumb -o "Drivers/STM32F1xx_HAL_Driver/Src/stm32f1xx_hal_dma.o"
arm-none-eabi-gcc "../Drivers/STM32F1xx_HAL_Driver/Src/stm32f1xx_hal_exti.c" -mcpu=cortex-m3 -std=gnu11 -g3 -DDEBUG -DUSE_HAL_DRIVER -DSTM32F103x6 -c -I../Core/Inc -I../Drivers/STM32F1xx_HAL_Driver/Inc -I../Drivers/STM32F1xx_HAL_Driver/Inc/Legacy -I../Drivers/CMSIS/Device/ST/STM32F1xx/Include -I../Drivers/CMSIS/Include -O0 -ffunction-sections -fdata-sections -Wall -fstack-usage -MMD -MP -MF"Drivers/STM32F1xx_HAL_Driver/Src/stm32f1xx_hal_exti.d" -MT"Drivers/STM32F1xx_HAL_Driver/Src/stm32f1xx_hal_exti.o" --specs=nano.specs -mfloat-abi=soft -mthumb -o "Drivers/STM32F1xx_HAL_Driver/Src/stm32f1xx_hal_exti.o"
arm-none-eabi-gcc "../Drivers/STM32F1xx_HAL_Driver/Src/stm32f1xx_hal_flash.c" -mcpu=cortex-m3 -std=gnu11 -g3 -DDEBUG -DUSE_HAL_DRIVER -DSTM32F103x6 -c -I../Core/Inc -I../Drivers/STM32F1xx_HAL_Driver/Inc -I../Drivers/STM32F1xx_HAL_Driver/Inc/Legacy -I../Drivers/CMSIS/Device/ST/STM32F1xx/Include -I../Drivers/CMSIS/Include -O0 -ffunction-sections -fdata-sections -Wall -fstack-usage -MMD -MP -MF"Drivers/STM32F1xx_HAL_Driver/Src/stm32f1xx_hal_flash.d" -MT"Drivers/STM32F1xx_HAL_Driver/Src/stm32f1xx_hal_flash.o" --specs=nano.specs -mfloat-abi=soft -mthumb -o "Drivers/STM32F1xx_HAL_Driver/Src/stm32f1xx_hal_flash.o"
arm-none-eabi-gcc "../Drivers/STM32F1xx_HAL_Driver/Src/stm32f1xx_hal_flash_ex.c" -mcpu=cortex-m3 -std=gnu11 -g3 -DDEBUG -DUSE_HAL_DRIVER -DSTM32F103x6 -c -I../Core/Inc -I../Drivers/STM32F1xx_HAL_Driver/Inc -I../Drivers/STM32F1xx_HAL_Driver/Inc/Legacy -I../Drivers/CMSIS/Device/ST/STM32F1xx/Include -I../Drivers/CMSIS/Include -O0 -ffunction-sections -fdata-sections -Wall -fstack-usage -MMD -MP -MF"Drivers/STM32F1xx_HAL_Driver/Src/stm32f1xx_hal_flash_ex.d" -MT"Drivers/STM32F1xx_HAL_Driver/Src/stm32f1xx_hal_flash_ex.o" --specs=nano.specs -mfloat-abi=soft -mthumb -o "Drivers/STM32F1xx_HAL_Driver/Src/stm32f1xx_hal_flash_ex.o"
arm-none-eabi-gcc "../Drivers/STM32F1xx_HAL_Driver/Src/stm32f1xx_hal_gpio.c" -mcpu=cortex-m3 -std=gnu11 -g3 -DDEBUG -DUSE_HAL_DRIVER -DSTM32F103x6 -c -I../Core/Inc -I../Drivers/STM32F1xx_HAL_Driver/Inc -I../Drivers/STM32F1xx_HAL_Driver/Inc/Legacy -I../Drivers/CMSIS/Device/ST/STM32F1xx/Include -I../Drivers/CMSIS/Include -O0 -ffunction-sections -fdata-sections -Wall -fstack-usage -MMD -MP -MF"Drivers/STM32F1xx_HAL_Driver/Src/stm32f1xx_hal_gpio.d" -MT"Drivers/STM32F1xx_HAL_Driver/Src/stm32f1xx_hal_gpio.o" --specs=nano.specs -mfloat-abi=soft -mthumb -o "Drivers/STM32F1xx_HAL_Driver/Src/stm32f1xx_hal_gpio.o"
arm-none-eabi-gcc "../Drivers/STM32F1xx_HAL_Driver/Src/stm32f1xx_hal_gpio_ex.c" -mcpu=cortex-m3 -std=gnu11 -g3 -DDEBUG -DUSE_HAL_DRIVER -DSTM32F103x6 -c -I../Core/Inc -I../Drivers/STM32F1xx_HAL_Driver/Inc -I../Drivers/STM32F1xx_HAL_Driver/Inc/Legacy -I../Drivers/CMSIS/Device/ST/STM32F1xx/Include -I../Drivers/CMSIS/Include -O0 -ffunction-sections -fdata-sections -Wall -fstack-usage -MMD -MP -MF"Drivers/STM32F1xx_HAL_Driver/Src/stm32f1xx_hal_gpio_ex.d" -MT"Drivers/STM32F1xx_HAL_Driver/Src/stm32f1xx_hal_gpio_ex.o" --specs=nano.specs -mfloat-abi=soft -mthumb -o "Drivers/STM32F1xx_HAL_Driver/Src/stm32f1xx_hal_gpio_ex.o"
arm-none-eabi-gcc "../Drivers/STM32F1xx_HAL_Driver/Src/stm32f1xx_hal_pwr.c" -mcpu=cortex-m3 -std=gnu11 -g3 -DDEBUG -DUSE_HAL_DRIVER -DSTM32F103x6 -c -I../Core/Inc -I../Drivers/STM32F1xx_HAL_Driver/Inc -I../Drivers/STM32F1xx_HAL_Driver/Inc/Legacy -I../Drivers/CMSIS/Device/ST/STM32F1xx/Include -I../Drivers/CMSIS/Include -O0 -ffunction-sections -fdata-sections -Wall -fstack-usage -MMD -MP -MF"Drivers/STM32F1xx_HAL_Driver/Src/stm32f1xx_hal_pwr.d" -MT"Drivers/STM32F1xx_HAL_Driver/Src/stm32f1xx_hal_pwr.o" --specs=nano.specs -mfloat-abi=soft -mthumb -o "Drivers/STM32F1xx_HAL_Driver/Src/stm32f1xx_hal_pwr.o"
arm-none-eabi-gcc "../Drivers/STM32F1xx_HAL_Driver/Src/stm32f1xx_hal_rcc.c" -mcpu=cortex-m3 -std=gnu11 -g3 -DDEBUG -DUSE_HAL_DRIVER -DSTM32F103x6 -c -I../Core/Inc -I../Drivers/STM32F1xx_HAL_Driver/Inc -I../Drivers/STM32F1xx_HAL_Driver/Inc/Legacy -I../Drivers/CMSIS/Device/ST/STM32F1xx/Include -I../Drivers/CMSIS/Include -O0 -ffunction-sections -fdata-sections -Wall -fstack-usage -MMD -MP -MF"Drivers/STM32F1xx_HAL_Driver/Src/stm32f1xx_hal_rcc.d" -MT"Drivers/STM32F1xx_HAL_Driver/Src/stm32f1xx_hal_rcc.o" --specs=nano.specs -mfloat-abi=soft -mthumb -o "Drivers/STM32F1xx_HAL_Driver/Src/stm32f1xx_hal_rcc.o"
arm-none-eabi-gcc "../Drivers/STM32F1xx_HAL_Driver/Src/stm32f1xx_hal_rcc_ex.c" -mcpu=cortex-m3 -std=gnu11 -g3 -DDEBUG -DUSE_HAL_DRIVER -DSTM32F103x6 -c -I../Core/Inc -I../Drivers/STM32F1xx_HAL_Driver/Inc -I../Drivers/STM32F1xx_HAL_Driver/Inc/Legacy -I../Drivers/CMSIS/Device/ST/STM32F1xx/Include -I../Drivers/CMSIS/Include -O0 -ffunction-sections -fdata-sections -Wall -fstack-usage -MMD -MP -MF"Drivers/STM32F1xx_HAL_Driver/Src/stm32f1xx_hal_rcc_ex.d" -MT"Drivers/STM32F1xx_HAL_Driver/Src/stm32f1xx_hal_rcc_ex.o" --specs=nano.specs -mfloat-abi=soft -mthumb -o "Drivers/STM32F1xx_HAL_Driver/Src/stm32f1xx_hal_rcc_ex.o"
arm-none-eabi-gcc "../Drivers/STM32F1xx_HAL_Driver/Src/stm32f1xx_hal_tim.c" -mcpu=cortex-m3 -std=gnu11 -g3 -DDEBUG -DUSE_HAL_DRIVER -DSTM32F103x6 -c -I../Core/Inc -I../Drivers/STM32F1xx_HAL_Driver/Inc -I../Drivers/STM32F1xx_HAL_Driver/Inc/Legacy -I../Drivers/CMSIS/Device/ST/STM32F1xx/Include -I../Drivers/CMSIS/Include -O0 -ffunction-sections -fdata-sections -Wall -fstack-usage -MMD -MP -MF"Drivers/STM32F1xx_HAL_Driver/Src/stm32f1xx_hal_tim.d" -MT"Drivers/STM32F1xx_HAL_Driver/Src/stm32f1xx_hal_tim.o" --specs=nano.specs -mfloat-abi=soft -mthumb -o "Drivers/STM32F1xx_HAL_Driver/Src/stm32f1xx_hal_tim.o"
arm-none-eabi-gcc "../Drivers/STM32F1xx_HAL_Driver/Src/stm32f1xx_hal_tim_ex.c" -mcpu=cortex-m3 -std=gnu11 -g3 -DDEBUG -DUSE_HAL_DRIVER -DSTM32F103x6 -c -I../Core/Inc -I../Drivers/STM32F1xx_HAL_Driver/Inc -I../Drivers/STM32F1xx_HAL_Driver/Inc/Legacy -I../Drivers/CMSIS/Device/ST/STM32F1xx/Include -I../Drivers/CMSIS/Include -O0 -ffunction-sections -fdata-sections -Wall -fstack-usage -MMD -MP -MF"Drivers/STM32F1xx_HAL_Driver/Src/stm32f1xx_hal_tim_ex.d" -MT"Drivers/STM32F1xx_HAL_Driver/Src/stm32f1xx_hal_tim_ex.o" --specs=nano.specs -mfloat-abi=soft -mthumb -o "Drivers/STM32F1xx_HAL_Driver/Src/stm32f1xx_hal_tim_ex.o"
arm-none-eabi-gcc "../Core/Src/main.c" -mcpu=cortex-m3 -std=gnu11 -g3 -DDEBUG -DUSE_HAL_DRIVER -DSTM32F103x6 -c -I../Core/Inc -I../Drivers/STM32F1xx_HAL_Driver/Inc -I../Drivers/STM32F1xx_HAL_Driver/Inc/Legacy -I../Drivers/CMSIS/Device/ST/STM32F1xx/Include -I../Drivers/CMSIS/Include -O0 -ffunction-sections -fdata-sections -Wall -fstack-usage -MMD -MP -MF"Core/Src/main.d" -MT"Core/Src/main.o" --specs=nano.specs -mfloat-abi=soft -mthumb -o "Core/Src/main.o"
arm-none-eabi-gcc "../Core/Src/stm32f1xx_hal_msp.c" -mcpu=cortex-m3 -std=gnu11 -g3 -DDEBUG -DUSE_HAL_DRIVER -DSTM32F103x6 -c -I../Core/Inc -I../Drivers/STM32F1xx_HAL_Driver/Inc -I../Drivers/STM32F1xx_HAL_Driver/Inc/Legacy -I../Drivers/CMSIS/Device/ST/STM32F1xx/Include -I../Drivers/CMSIS/Include -O0 -ffunction-sections -fdata-sections -Wall -fstack-usage -MMD -MP -MF"Core/Src/stm32f1xx_hal_msp.d" -MT"Core/Src/stm32f1xx_hal_msp.o" --specs=nano.specs -mfloat-abi=soft -mthumb -o "Core/Src/stm32f1xx_hal_msp.o"
arm-none-eabi-gcc "../Core/Src/stm32f1xx_it.c" -mcpu=cortex-m3 -std=gnu11 -g3 -DDEBUG -DUSE_HAL_DRIVER -DSTM32F103x6 -c -I../Core/Inc -I../Drivers/STM32F1xx_HAL_Driver/Inc -I../Drivers/STM32F1xx_HAL_Driver/Inc/Legacy -I../Drivers/CMSIS/Device/ST/STM32F1xx/Include -I../Drivers/CMSIS/Include -O0 -ffunction-sections -fdata-sections -Wall -fstack-usage -MMD -MP -MF"Core/Src/stm32f1xx_it.d" -MT"Core/Src/stm32f1xx_it.o" --specs=nano.specs -mfloat-abi=soft -mthumb -o "Core/Src/stm32f1xx_it.o"
arm-none-eabi-gcc "../Core/Src/system_stm32f1xx.c" -mcpu=cortex-m3 -std=gnu11 -g3 -DDEBUG -DUSE_HAL_DRIVER -DSTM32F103x6 -c -I../Core/Inc -I../Drivers/STM32F1xx_HAL_Driver/Inc -I../Drivers/STM32F1xx_HAL_Driver/Inc/Legacy -I../Drivers/CMSIS/Device/ST/STM32F1xx/Include -I../Drivers/CMSIS/Include -O0 -ffunction-sections -fdata-sections -Wall -fstack-usage -MMD -MP -MF"Core/Src/system_stm32f1xx.d" -MT"Core/Src/system_stm32f1xx.o" --specs=nano.specs -mfloat-abi=soft -mthumb -o "Core/Src/system_stm32f1xx.o"
arm-none-eabi-gcc -o "Led_Animations.elf" @"objects.list"   -mcpu=cortex-m3 -T"C:\Users\Admin\STM32CubeIDE\workspace_1.7.0\Led_Animations\STM32F103C6UX_FLASH.ld" --specs=nosys.specs -Wl,-Map="Led_Animations.map" -Wl,--gc-sections -static --specs=nano.specs -mfloat-abi=soft -mthumb -Wl,--start-group -lc -lm -Wl,--end-group
Finished building target: Led_Animations.elf
 
arm-none-eabi-size   Led_Animations.elf 
arm-none-eabi-objdump -h -S  Led_Animations.elf  > "Led_Animations.list"
arm-none-eabi-objcopy  -O ihex  Led_Animations.elf  "Led_Animations.hex"
arm-none-eabi-objcopy  -O binary  Led_Animations.elf  "Led_Animations.bin"
   text	   data	    bss	    dec	    hex	filename
   4680	     20	   1572	   6272	   1880	Led_Animations.elf
Finished building: default.size.stdout
 
Finished building: Led_Animations.list
 
Finished building: Led_Animations.bin
Finished building: Led_Animations.hex
 
 
13:20:53 **** Incremental Build of configuration Debug for project Led_Animations ****
make -j22 all 
arm-none-eabi-gcc "../Core/Src/main.c" -mcpu=cortex-m3 -std=gnu11 -g3 -DDEBUG -DUSE_HAL_DRIVER -DSTM32F103x6 -c -I../Core/Inc -I../Drivers/STM32F1xx_HAL_Driver/Inc -I../Drivers/STM32F1xx_HAL_Driver/Inc/Legacy -I../Drivers/CMSIS/Device/ST/STM32F1xx/Include -I../Drivers/CMSIS/Include -O0 -ffunction-sections -fdata-sections -Wall -fstack-usage -MMD -MP -MF"Core/Src/main.d" -MT"Core/Src/main.o" --specs=nano.specs -mfloat-abi=soft -mthumb -o "Core/Src/main.o"
arm-none-eabi-gcc -o "Led_Animations.elf" @"objects.list"   -mcpu=cortex-m3 -T"C:\Users\Admin\STM32CubeIDE\workspace_1.7.0\Led_Animations\STM32F103C6UX_FLASH.ld" --specs=nosys.specs -Wl,-Map="Led_Animations.map" -Wl,--gc-sections -static --specs=nano.specs -mfloat-abi=soft -mthumb -Wl,--start-group -lc -lm -Wl,--end-group
Finished building target: Led_Animations.elf
 
arm-none-eabi-size   Led_Animations.elf 
arm-none-eabi-objdump -h -S  Led_Animations.elf  > "Led_Animations.list"
arm-none-eabi-objcopy  -O ihex  Led_Animations.elf  "Led_Animations.hex"
   text	   data	    bss	    dec	    hex	filename
   4688	     20	   1572	   6280	   1888	Led_Animations.elf
arm-none-eabi-objcopy  -O binary  Led_Animations.elf  "Led_Animations.bin"
Finished building: default.size.stdout
 
Finished building: Led_Animations.list
Finished building: Led_Animations.hex
 
Finished building: Led_Animations.bin
 
 
13:24:59 **** Incremental Build of configuration Debug for project Led_Animations ****
make -j22 all 
arm-none-eabi-gcc "../Core/Src/main.c" -mcpu=cortex-m3 -std=gnu11 -g3 -DDEBUG -DUSE_HAL_DRIVER -DSTM32F103x6 -c -I../Core/Inc -I../Drivers/STM32F1xx_HAL_Driver/Inc -I../Drivers/STM32F1xx_HAL_Driver/Inc/Legacy -I../Drivers/CMSIS/Device/ST/STM32F1xx/Include -I../Drivers/CMSIS/Include -O0 -ffunction-sections -fdata-sections -Wall -fstack-usage -MMD -MP -MF"Core/Src/main.d" -MT"Core/Src/main.o" --specs=nano.specs -mfloat-abi=soft -mthumb -o "Core/Src/main.o"
arm-none-eabi-gcc -o "Led_Animations.elf" @"objects.list"   -mcpu=cortex-m3 -T"C:\Users\Admin\STM32CubeIDE\workspace_1.7.0\Led_Animations\STM32F103C6UX_FLASH.ld" --specs=nosys.specs -Wl,-Map="Led_Animations.map" -Wl,--gc-sections -static --specs=nano.specs -mfloat-abi=soft -mthumb -Wl,--start-group -lc -lm -Wl,--end-group
Finished building target: Led_Animations.elf
 
arm-none-eabi-size   Led_Animations.elf 
arm-none-eabi-objdump -h -S  Led_Animations.elf  > "Led_Animations.list"
arm-none-eabi-objcopy  -O ihex  Led_Animations.elf  "Led_Animations.hex"
   text	   data	    bss	    dec	    hex	filename
   4620	     20	   1572	   6212	   1844	Led_Animations.elf
arm-none-eabi-objcopy  -O binary  Led_Animations.elf  "Led_Animations.bin"
Finished building: default.size.stdout
 
Finished building: Led_Animations.hex
Finished building: Led_Animations.bin
Finished building: Led_Animations.list
 
 
 
13:26:13 **** Incremental Build of configuration Debug for project Led_Animations ****
make -j22 all 
arm-none-eabi-gcc "../Core/Src/main.c" -mcpu=cortex-m3 -std=gnu11 -g3 -DDEBUG -DUSE_HAL_DRIVER -DSTM32F103x6 -c -I../Core/Inc -I../Drivers/STM32F1xx_HAL_Driver/Inc -I../Drivers/STM32F1xx_HAL_Driver/Inc/Legacy -I../Drivers/CMSIS/Device/ST/STM32F1xx/Include -I../Drivers/CMSIS/Include -O0 -ffunction-sections -fdata-sections -Wall -fstack-usage -MMD -MP -MF"Core/Src/main.d" -MT"Core/Src/main.o" --specs=nano.specs -mfloat-abi=soft -mthumb -o "Core/Src/main.o"
arm-none-eabi-gcc -o "Led_Animations.elf" @"objects.list"   -mcpu=cortex-m3 -T"C:\Users\Admin\STM32CubeIDE\workspace_1.7.0\Led_Animations\STM32F103C6UX_FLASH.ld" --specs=nosys.specs -Wl,-Map="Led_Animations.map" -Wl,--gc-sections -static --specs=nano.specs -mfloat-abi=soft -mthumb -Wl,--start-group -lc -lm -Wl,--end-group
Finished building target: Led_Animations.elf
 
arm-none-eabi-size   Led_Animations.elf 
arm-none-eabi-objdump -h -S  Led_Animations.elf  > "Led_Animations.list"
arm-none-eabi-objcopy  -O ihex  Led_Animations.elf  "Led_Animations.hex"
   text	   data	    bss	    dec	    hex	filename
   4688	     20	   1572	   6280	   1888	Led_Animations.elf
arm-none-eabi-objcopy  -O binary  Led_Animations.elf  "Led_Animations.bin"
Finished building: default.size.stdout
 
Finished building: Led_Animations.hex
Finished building: Led_Animations.bin
Finished building: Led_Animations.list
 
 
 
13:32:18 **** Incremental Build of configuration Debug for project Led_Animations ****
make -j22 all 
arm-none-eabi-gcc "../Core/Src/main.c" -mcpu=cortex-m3 -std=gnu11 -g3 -DDEBUG -DUSE_HAL_DRIVER -DSTM32F103x6 -c -I../Core/Inc -I../Drivers/STM32F1xx_HAL_Driver/Inc -I../Drivers/STM32F1xx_HAL_Driver/Inc/Legacy -I../Drivers/CMSIS/Device/ST/STM32F1xx/Include -I../Drivers/CMSIS/Include -O0 -ffunction-sections -fdata-sections -Wall -fstack-usage -MMD -MP -MF"Core/Src/main.d" -MT"Core/Src/main.o" --specs=nano.specs -mfloat-abi=soft -mthumb -o "Core/Src/main.o"
arm-none-eabi-gcc -o "Led_Animations.elf" @"objects.list"   -mcpu=cortex-m3 -T"C:\Users\Admin\STM32CubeIDE\workspace_1.7.0\Led_Animations\STM32F103C6UX_FLASH.ld" --specs=nosys.specs -Wl,-Map="Led_Animations.map" -Wl,--gc-sections -static --specs=nano.specs -mfloat-abi=soft -mthumb -Wl,--start-group -lc -lm -Wl,--end-group
Finished building target: Led_Animations.elf
 
arm-none-eabi-size   Led_Animations.elf 
arm-none-eabi-objdump -h -S  Led_Animations.elf  > "Led_Animations.list"
arm-none-eabi-objcopy  -O ihex  Led_Animations.elf  "Led_Animations.hex"
   text	   data	    bss	    dec	    hex	filename
   4620	     20	   1572	   6212	   1844	Led_Animations.elf
arm-none-eabi-objcopy  -O binary  Led_Animations.elf  "Led_Animations.bin"
Finished building: default.size.stdout
 
Finished building: Led_Animations.hex
Finished building: Led_Animations.bin
 
 
Finished building: Led_Animations.list
 
13:37:50 **** Incremental Build of configuration Debug for project Led_Animations ****
make -j22 all 
arm-none-eabi-gcc "../Core/Src/main.c" -mcpu=cortex-m3 -std=gnu11 -g3 -DDEBUG -DUSE_HAL_DRIVER -DSTM32F103x6 -c -I../Core/Inc -I../Drivers/STM32F1xx_HAL_Driver/Inc -I../Drivers/STM32F1xx_HAL_Driver/Inc/Legacy -I../Drivers/CMSIS/Device/ST/STM32F1xx/Include -I../Drivers/CMSIS/Include -O0 -ffunction-sections -fdata-sections -Wall -fstack-usage -MMD -MP -MF"Core/Src/main.d" -MT"Core/Src/main.o" --specs=nano.specs -mfloat-abi=soft -mthumb -o "Core/Src/main.o"
../Core/Src/main.c: In function 'main':
../Core/Src/main.c:34:23: error: 'LED_RED_GPIO_Port' undeclared (first use in this function); did you mean 'LR_RED_GPIO_Port'?
   34 |     HAL_GPIO_WritePin(LED_RED_GPIO_Port, LED_RED_Pin, GPIO_PIN_RESET);
      |                       ^~~~~~~~~~~~~~~~~
      |                       LR_RED_GPIO_Port
../Core/Src/main.c:34:23: note: each undeclared identifier is reported only once for each function it appears in
../Core/Src/main.c:34:42: error: 'LED_RED_Pin' undeclared (first use in this function); did you mean 'LR_RED_Pin'?
   34 |     HAL_GPIO_WritePin(LED_RED_GPIO_Port, LED_RED_Pin, GPIO_PIN_RESET);
      |                                          ^~~~~~~~~~~
      |                                          LR_RED_Pin
../Core/Src/main.c:35:23: error: 'LED_YELLOW_GPIO_Port' undeclared (first use in this function); did you mean 'LR_YELLOW_GPIO_Port'?
   35 |     HAL_GPIO_WritePin(LED_YELLOW_GPIO_Port, LED_YELLOW_Pin, GPIO_PIN_RESET);
      |                       ^~~~~~~~~~~~~~~~~~~~
      |                       LR_YELLOW_GPIO_Port
../Core/Src/main.c:35:45: error: 'LED_YELLOW_Pin' undeclared (first use in this function); did you mean 'LR_YELLOW_Pin'?
   35 |     HAL_GPIO_WritePin(LED_YELLOW_GPIO_Port, LED_YELLOW_Pin, GPIO_PIN_RESET);
      |                                             ^~~~~~~~~~~~~~
      |                                             LR_YELLOW_Pin
../Core/Src/main.c:36:23: error: 'LED_GREEN_GPIO_Port' undeclared (first use in this function); did you mean 'LR_GREEN_GPIO_Port'?
   36 |     HAL_GPIO_WritePin(LED_GREEN_GPIO_Port, LED_GREEN_Pin, GPIO_PIN_SET);
      |                       ^~~~~~~~~~~~~~~~~~~
      |                       LR_GREEN_GPIO_Port
../Core/Src/main.c:36:44: error: 'LED_GREEN_Pin' undeclared (first use in this function); did you mean 'LR_GREEN_Pin'?
   36 |     HAL_GPIO_WritePin(LED_GREEN_GPIO_Port, LED_GREEN_Pin, GPIO_PIN_SET);
      |                                            ^~~~~~~~~~~~~
      |                                            LR_GREEN_Pin
../Core/Src/main.c:38:23: error: 'LED_GREEN2_GPIO_Port' undeclared (first use in this function); did you mean 'LR_GREEN_GPIO_Port'?
   38 |     HAL_GPIO_WritePin(LED_GREEN2_GPIO_Port, LED_GREEN2_Pin, GPIO_PIN_RESET);
      |                       ^~~~~~~~~~~~~~~~~~~~
      |                       LR_GREEN_GPIO_Port
../Core/Src/main.c:38:45: error: 'LED_GREEN2_Pin' undeclared (first use in this function); did you mean 'LR_GREEN_Pin'?
   38 |     HAL_GPIO_WritePin(LED_GREEN2_GPIO_Port, LED_GREEN2_Pin, GPIO_PIN_RESET);
      |                                             ^~~~~~~~~~~~~~
      |                                             LR_GREEN_Pin
../Core/Src/main.c:39:23: error: 'LED_YELLOW2_GPIO_Port' undeclared (first use in this function); did you mean 'LR_YELLOW_GPIO_Port'?
   39 |     HAL_GPIO_WritePin(LED_YELLOW2_GPIO_Port, LED_YELLOW2_Pin, GPIO_PIN_RESET);
      |                       ^~~~~~~~~~~~~~~~~~~~~
      |                       LR_YELLOW_GPIO_Port
../Core/Src/main.c:39:46: error: 'LED_YELLOW2_Pin' undeclared (first use in this function); did you mean 'LR_YELLOW_Pin'?
   39 |     HAL_GPIO_WritePin(LED_YELLOW2_GPIO_Port, LED_YELLOW2_Pin, GPIO_PIN_RESET);
      |                                              ^~~~~~~~~~~~~~~
      |                                              LR_YELLOW_Pin
../Core/Src/main.c:40:23: error: 'LED_RED2_GPIO_Port' undeclared (first use in this function); did you mean 'LR_RED_GPIO_Port'?
   40 |     HAL_GPIO_WritePin(LED_RED2_GPIO_Port, LED_RED2_Pin, GPIO_PIN_SET);
      |                       ^~~~~~~~~~~~~~~~~~
      |                       LR_RED_GPIO_Port
../Core/Src/main.c:40:43: error: 'LED_RED2_Pin' undeclared (first use in this function); did you mean 'LR_RED_Pin'?
   40 |     HAL_GPIO_WritePin(LED_RED2_GPIO_Port, LED_RED2_Pin, GPIO_PIN_SET);
      |                                           ^~~~~~~~~~~~
      |                                           LR_RED_Pin
../Core/Src/main.c: In function 'MX_GPIO_Init':
../Core/Src/main.c:119:28: error: 'LED_RED_Pin' undeclared (first use in this function); did you mean 'LR_RED_Pin'?
  119 |   HAL_GPIO_WritePin(GPIOA, LED_RED_Pin|LED_YELLOW_Pin|LED_GREEN_Pin|LED_RED2_Pin
      |                            ^~~~~~~~~~~
      |                            LR_RED_Pin
../Core/Src/main.c:119:40: error: 'LED_YELLOW_Pin' undeclared (first use in this function); did you mean 'LR_YELLOW_Pin'?
  119 |   HAL_GPIO_WritePin(GPIOA, LED_RED_Pin|LED_YELLOW_Pin|LED_GREEN_Pin|LED_RED2_Pin
      |                                        ^~~~~~~~~~~~~~
      |                                        LR_YELLOW_Pin
../Core/Src/main.c:119:55: error: 'LED_GREEN_Pin' undeclared (first use in this function); did you mean 'LR_GREEN_Pin'?
  119 |   HAL_GPIO_WritePin(GPIOA, LED_RED_Pin|LED_YELLOW_Pin|LED_GREEN_Pin|LED_RED2_Pin
      |                                                       ^~~~~~~~~~~~~
      |                                                       LR_GREEN_Pin
../Core/Src/main.c:119:69: error: 'LED_RED2_Pin' undeclared (first use in this function); did you mean 'LR_RED_Pin'?
  119 |   HAL_GPIO_WritePin(GPIOA, LED_RED_Pin|LED_YELLOW_Pin|LED_GREEN_Pin|LED_RED2_Pin
      |                                                                     ^~~~~~~~~~~~
      |                                                                     LR_RED_Pin
../Core/Src/main.c:120:28: error: 'LED_YELLOW2_Pin' undeclared (first use in this function); did you mean 'LR_YELLOW_Pin'?
  120 |                           |LED_YELLOW2_Pin|LED_GREEN2_Pin, GPIO_PIN_RESET);
      |                            ^~~~~~~~~~~~~~~
      |                            LR_YELLOW_Pin
../Core/Src/main.c:120:44: error: 'LED_GREEN2_Pin' undeclared (first use in this function); did you mean 'LR_GREEN_Pin'?
  120 |                           |LED_YELLOW2_Pin|LED_GREEN2_Pin, GPIO_PIN_RESET);
      |                                            ^~~~~~~~~~~~~~
      |                                            LR_GREEN_Pin
make: *** [Core/Src/subdir.mk:34: Core/Src/main.o] Error 1
"make -j22 all" terminated with exit code 2. Build might be incomplete.
13:38:25 **** Incremental Build of configuration Debug for project Led_Animations ****
make -j22 all 
arm-none-eabi-gcc "../Core/Src/main.c" -mcpu=cortex-m3 -std=gnu11 -g3 -DDEBUG -DUSE_HAL_DRIVER -DSTM32F103x6 -c -I../Core/Inc -I../Drivers/STM32F1xx_HAL_Driver/Inc -I../Drivers/STM32F1xx_HAL_Driver/Inc/Legacy -I../Drivers/CMSIS/Device/ST/STM32F1xx/Include -I../Drivers/CMSIS/Include -O0 -ffunction-sections -fdata-sections -Wall -fstack-usage -MMD -MP -MF"Core/Src/main.d" -MT"Core/Src/main.o" --specs=nano.specs -mfloat-abi=soft -mthumb -o "Core/Src/main.o"
arm-none-eabi-gcc -o "Led_Animations.elf" @"objects.list"   -mcpu=cortex-m3 -T"C:\Users\Admin\STM32CubeIDE\workspace_1.7.0\Led_Animations\STM32F103C6UX_FLASH.ld" --specs=nosys.specs -Wl,-Map="Led_Animations.map" -Wl,--gc-sections -static --specs=nano.specs -mfloat-abi=soft -mthumb -Wl,--start-group -lc -lm -Wl,--end-group
Finished building target: Led_Animations.elf
 
arm-none-eabi-size   Led_Animations.elf 
arm-none-eabi-objdump -h -S  Led_Animations.elf  > "Led_Animations.list"
arm-none-eabi-objcopy  -O ihex  Led_Animations.elf  "Led_Animations.hex"
   text	   data	    bss	    dec	    hex	filename
   4620	     20	   1572	   6212	   1844	Led_Animations.elf
arm-none-eabi-objcopy  -O binary  Led_Animations.elf  "Led_Animations.bin"
Finished building: default.size.stdout
 
Finished building: Led_Animations.hex
Finished building: Led_Animations.bin
Finished building: Led_Animations.list
 
 
 
13:41:59 **** Incremental Build of configuration Debug for project Led_Animations ****
make -j22 all 
arm-none-eabi-gcc "../Core/Src/main.c" -mcpu=cortex-m3 -std=gnu11 -g3 -DDEBUG -DUSE_HAL_DRIVER -DSTM32F103x6 -c -I../Core/Inc -I../Drivers/STM32F1xx_HAL_Driver/Inc -I../Drivers/STM32F1xx_HAL_Driver/Inc/Legacy -I../Drivers/CMSIS/Device/ST/STM32F1xx/Include -I../Drivers/CMSIS/Include -O0 -ffunction-sections -fdata-sections -Wall -fstack-usage -MMD -MP -MF"Core/Src/main.d" -MT"Core/Src/main.o" --specs=nano.specs -mfloat-abi=soft -mthumb -o "Core/Src/main.o"
arm-none-eabi-gcc -o "Led_Animations.elf" @"objects.list"   -mcpu=cortex-m3 -T"C:\Users\Admin\STM32CubeIDE\workspace_1.7.0\Led_Animations\STM32F103C6UX_FLASH.ld" --specs=nosys.specs -Wl,-Map="Led_Animations.map" -Wl,--gc-sections -static --specs=nano.specs -mfloat-abi=soft -mthumb -Wl,--start-group -lc -lm -Wl,--end-group
Finished building target: Led_Animations.elf
 
arm-none-eabi-size   Led_Animations.elf 
arm-none-eabi-objdump -h -S  Led_Animations.elf  > "Led_Animations.list"
   text	   data	    bss	    dec	    hex	filename
   4620	     20	   1572	   6212	   1844	Led_Animations.elf
arm-none-eabi-objcopy  -O ihex  Led_Animations.elf  "Led_Animations.hex"
arm-none-eabi-objcopy  -O binary  Led_Animations.elf  "Led_Animations.bin"
Finished building: default.size.stdout
 
Finished building: Led_Animations.hex
Finished building: Led_Animations.bin
Finished building: Led_Animations.list
 
 
 
13:45:39 **** Incremental Build of configuration Debug for project Led_Animations ****
make -j22 all 
arm-none-eabi-gcc "../Core/Src/main.c" -mcpu=cortex-m3 -std=gnu11 -g3 -DDEBUG -DUSE_HAL_DRIVER -DSTM32F103x6 -c -I../Core/Inc -I../Drivers/STM32F1xx_HAL_Driver/Inc -I../Drivers/STM32F1xx_HAL_Driver/Inc/Legacy -I../Drivers/CMSIS/Device/ST/STM32F1xx/Include -I../Drivers/CMSIS/Include -O0 -ffunction-sections -fdata-sections -Wall -fstack-usage -MMD -MP -MF"Core/Src/main.d" -MT"Core/Src/main.o" --specs=nano.specs -mfloat-abi=soft -mthumb -o "Core/Src/main.o"
arm-none-eabi-gcc -o "Led_Animations.elf" @"objects.list"   -mcpu=cortex-m3 -T"C:\Users\Admin\STM32CubeIDE\workspace_1.7.0\Led_Animations\STM32F103C6UX_FLASH.ld" --specs=nosys.specs -Wl,-Map="Led_Animations.map" -Wl,--gc-sections -static --specs=nano.specs -mfloat-abi=soft -mthumb -Wl,--start-group -lc -lm -Wl,--end-group
Finished building target: Led_Animations.elf
 
arm-none-eabi-size   Led_Animations.elf 
arm-none-eabi-objdump -h -S  Led_Animations.elf  > "Led_Animations.list"
   text	   data	    bss	    dec	    hex	filename
   4620	     20	   1572	   6212	   1844	Led_Animations.elf
arm-none-eabi-objcopy  -O ihex  Led_Animations.elf  "Led_Animations.hex"
arm-none-eabi-objcopy  -O binary  Led_Animations.elf  "Led_Animations.bin"
Finished building: default.size.stdout
 
Finished building: Led_Animations.hex
Finished building: Led_Animations.list
Finished building: Led_Animations.bin
 
 
 
14:24:57 **** Incremental Build of configuration Debug for project Led_Animations ****
make -j22 all 
arm-none-eabi-gcc "../Drivers/STM32F1xx_HAL_Driver/Src/stm32f1xx_hal.c" -mcpu=cortex-m3 -std=gnu11 -g3 -DDEBUG -DUSE_HAL_DRIVER -DSTM32F103x6 -c -I../Core/Inc -I../Drivers/STM32F1xx_HAL_Driver/Inc -I../Drivers/STM32F1xx_HAL_Driver/Inc/Legacy -I../Drivers/CMSIS/Device/ST/STM32F1xx/Include -I../Drivers/CMSIS/Include -O0 -ffunction-sections -fdata-sections -Wall -fstack-usage -MMD -MP -MF"Drivers/STM32F1xx_HAL_Driver/Src/stm32f1xx_hal.d" -MT"Drivers/STM32F1xx_HAL_Driver/Src/stm32f1xx_hal.o" --specs=nano.specs -mfloat-abi=soft -mthumb -o "Drivers/STM32F1xx_HAL_Driver/Src/stm32f1xx_hal.o"
arm-none-eabi-gcc "../Drivers/STM32F1xx_HAL_Driver/Src/stm32f1xx_hal_cortex.c" -mcpu=cortex-m3 -std=gnu11 -g3 -DDEBUG -DUSE_HAL_DRIVER -DSTM32F103x6 -c -I../Core/Inc -I../Drivers/STM32F1xx_HAL_Driver/Inc -I../Drivers/STM32F1xx_HAL_Driver/Inc/Legacy -I../Drivers/CMSIS/Device/ST/STM32F1xx/Include -I../Drivers/CMSIS/Include -O0 -ffunction-sections -fdata-sections -Wall -fstack-usage -MMD -MP -MF"Drivers/STM32F1xx_HAL_Driver/Src/stm32f1xx_hal_cortex.d" -MT"Drivers/STM32F1xx_HAL_Driver/Src/stm32f1xx_hal_cortex.o" --specs=nano.specs -mfloat-abi=soft -mthumb -o "Drivers/STM32F1xx_HAL_Driver/Src/stm32f1xx_hal_cortex.o"
arm-none-eabi-gcc "../Drivers/STM32F1xx_HAL_Driver/Src/stm32f1xx_hal_dma.c" -mcpu=cortex-m3 -std=gnu11 -g3 -DDEBUG -DUSE_HAL_DRIVER -DSTM32F103x6 -c -I../Core/Inc -I../Drivers/STM32F1xx_HAL_Driver/Inc -I../Drivers/STM32F1xx_HAL_Driver/Inc/Legacy -I../Drivers/CMSIS/Device/ST/STM32F1xx/Include -I../Drivers/CMSIS/Include -O0 -ffunction-sections -fdata-sections -Wall -fstack-usage -MMD -MP -MF"Drivers/STM32F1xx_HAL_Driver/Src/stm32f1xx_hal_dma.d" -MT"Drivers/STM32F1xx_HAL_Driver/Src/stm32f1xx_hal_dma.o" --specs=nano.specs -mfloat-abi=soft -mthumb -o "Drivers/STM32F1xx_HAL_Driver/Src/stm32f1xx_hal_dma.o"
arm-none-eabi-gcc "../Drivers/STM32F1xx_HAL_Driver/Src/stm32f1xx_hal_exti.c" -mcpu=cortex-m3 -std=gnu11 -g3 -DDEBUG -DUSE_HAL_DRIVER -DSTM32F103x6 -c -I../Core/Inc -I../Drivers/STM32F1xx_HAL_Driver/Inc -I../Drivers/STM32F1xx_HAL_Driver/Inc/Legacy -I../Drivers/CMSIS/Device/ST/STM32F1xx/Include -I../Drivers/CMSIS/Include -O0 -ffunction-sections -fdata-sections -Wall -fstack-usage -MMD -MP -MF"Drivers/STM32F1xx_HAL_Driver/Src/stm32f1xx_hal_exti.d" -MT"Drivers/STM32F1xx_HAL_Driver/Src/stm32f1xx_hal_exti.o" --specs=nano.specs -mfloat-abi=soft -mthumb -o "Drivers/STM32F1xx_HAL_Driver/Src/stm32f1xx_hal_exti.o"
arm-none-eabi-gcc "../Drivers/STM32F1xx_HAL_Driver/Src/stm32f1xx_hal_flash.c" -mcpu=cortex-m3 -std=gnu11 -g3 -DDEBUG -DUSE_HAL_DRIVER -DSTM32F103x6 -c -I../Core/Inc -I../Drivers/STM32F1xx_HAL_Driver/Inc -I../Drivers/STM32F1xx_HAL_Driver/Inc/Legacy -I../Drivers/CMSIS/Device/ST/STM32F1xx/Include -I../Drivers/CMSIS/Include -O0 -ffunction-sections -fdata-sections -Wall -fstack-usage -MMD -MP -MF"Drivers/STM32F1xx_HAL_Driver/Src/stm32f1xx_hal_flash.d" -MT"Drivers/STM32F1xx_HAL_Driver/Src/stm32f1xx_hal_flash.o" --specs=nano.specs -mfloat-abi=soft -mthumb -o "Drivers/STM32F1xx_HAL_Driver/Src/stm32f1xx_hal_flash.o"
arm-none-eabi-gcc "../Drivers/STM32F1xx_HAL_Driver/Src/stm32f1xx_hal_flash_ex.c" -mcpu=cortex-m3 -std=gnu11 -g3 -DDEBUG -DUSE_HAL_DRIVER -DSTM32F103x6 -c -I../Core/Inc -I../Drivers/STM32F1xx_HAL_Driver/Inc -I../Drivers/STM32F1xx_HAL_Driver/Inc/Legacy -I../Drivers/CMSIS/Device/ST/STM32F1xx/Include -I../Drivers/CMSIS/Include -O0 -ffunction-sections -fdata-sections -Wall -fstack-usage -MMD -MP -MF"Drivers/STM32F1xx_HAL_Driver/Src/stm32f1xx_hal_flash_ex.d" -MT"Drivers/STM32F1xx_HAL_Driver/Src/stm32f1xx_hal_flash_ex.o" --specs=nano.specs -mfloat-abi=soft -mthumb -o "Drivers/STM32F1xx_HAL_Driver/Src/stm32f1xx_hal_flash_ex.o"
arm-none-eabi-gcc "../Drivers/STM32F1xx_HAL_Driver/Src/stm32f1xx_hal_gpio.c" -mcpu=cortex-m3 -std=gnu11 -g3 -DDEBUG -DUSE_HAL_DRIVER -DSTM32F103x6 -c -I../Core/Inc -I../Drivers/STM32F1xx_HAL_Driver/Inc -I../Drivers/STM32F1xx_HAL_Driver/Inc/Legacy -I../Drivers/CMSIS/Device/ST/STM32F1xx/Include -I../Drivers/CMSIS/Include -O0 -ffunction-sections -fdata-sections -Wall -fstack-usage -MMD -MP -MF"Drivers/STM32F1xx_HAL_Driver/Src/stm32f1xx_hal_gpio.d" -MT"Drivers/STM32F1xx_HAL_Driver/Src/stm32f1xx_hal_gpio.o" --specs=nano.specs -mfloat-abi=soft -mthumb -o "Drivers/STM32F1xx_HAL_Driver/Src/stm32f1xx_hal_gpio.o"
arm-none-eabi-gcc "../Drivers/STM32F1xx_HAL_Driver/Src/stm32f1xx_hal_gpio_ex.c" -mcpu=cortex-m3 -std=gnu11 -g3 -DDEBUG -DUSE_HAL_DRIVER -DSTM32F103x6 -c -I../Core/Inc -I../Drivers/STM32F1xx_HAL_Driver/Inc -I../Drivers/STM32F1xx_HAL_Driver/Inc/Legacy -I../Drivers/CMSIS/Device/ST/STM32F1xx/Include -I../Drivers/CMSIS/Include -O0 -ffunction-sections -fdata-sections -Wall -fstack-usage -MMD -MP -MF"Drivers/STM32F1xx_HAL_Driver/Src/stm32f1xx_hal_gpio_ex.d" -MT"Drivers/STM32F1xx_HAL_Driver/Src/stm32f1xx_hal_gpio_ex.o" --specs=nano.specs -mfloat-abi=soft -mthumb -o "Drivers/STM32F1xx_HAL_Driver/Src/stm32f1xx_hal_gpio_ex.o"
arm-none-eabi-gcc "../Drivers/STM32F1xx_HAL_Driver/Src/stm32f1xx_hal_pwr.c" -mcpu=cortex-m3 -std=gnu11 -g3 -DDEBUG -DUSE_HAL_DRIVER -DSTM32F103x6 -c -I../Core/Inc -I../Drivers/STM32F1xx_HAL_Driver/Inc -I../Drivers/STM32F1xx_HAL_Driver/Inc/Legacy -I../Drivers/CMSIS/Device/ST/STM32F1xx/Include -I../Drivers/CMSIS/Include -O0 -ffunction-sections -fdata-sections -Wall -fstack-usage -MMD -MP -MF"Drivers/STM32F1xx_HAL_Driver/Src/stm32f1xx_hal_pwr.d" -MT"Drivers/STM32F1xx_HAL_Driver/Src/stm32f1xx_hal_pwr.o" --specs=nano.specs -mfloat-abi=soft -mthumb -o "Drivers/STM32F1xx_HAL_Driver/Src/stm32f1xx_hal_pwr.o"
arm-none-eabi-gcc "../Drivers/STM32F1xx_HAL_Driver/Src/stm32f1xx_hal_rcc.c" -mcpu=cortex-m3 -std=gnu11 -g3 -DDEBUG -DUSE_HAL_DRIVER -DSTM32F103x6 -c -I../Core/Inc -I../Drivers/STM32F1xx_HAL_Driver/Inc -I../Drivers/STM32F1xx_HAL_Driver/Inc/Legacy -I../Drivers/CMSIS/Device/ST/STM32F1xx/Include -I../Drivers/CMSIS/Include -O0 -ffunction-sections -fdata-sections -Wall -fstack-usage -MMD -MP -MF"Drivers/STM32F1xx_HAL_Driver/Src/stm32f1xx_hal_rcc.d" -MT"Drivers/STM32F1xx_HAL_Driver/Src/stm32f1xx_hal_rcc.o" --specs=nano.specs -mfloat-abi=soft -mthumb -o "Drivers/STM32F1xx_HAL_Driver/Src/stm32f1xx_hal_rcc.o"
arm-none-eabi-gcc "../Drivers/STM32F1xx_HAL_Driver/Src/stm32f1xx_hal_rcc_ex.c" -mcpu=cortex-m3 -std=gnu11 -g3 -DDEBUG -DUSE_HAL_DRIVER -DSTM32F103x6 -c -I../Core/Inc -I../Drivers/STM32F1xx_HAL_Driver/Inc -I../Drivers/STM32F1xx_HAL_Driver/Inc/Legacy -I../Drivers/CMSIS/Device/ST/STM32F1xx/Include -I../Drivers/CMSIS/Include -O0 -ffunction-sections -fdata-sections -Wall -fstack-usage -MMD -MP -MF"Drivers/STM32F1xx_HAL_Driver/Src/stm32f1xx_hal_rcc_ex.d" -MT"Drivers/STM32F1xx_HAL_Driver/Src/stm32f1xx_hal_rcc_ex.o" --specs=nano.specs -mfloat-abi=soft -mthumb -o "Drivers/STM32F1xx_HAL_Driver/Src/stm32f1xx_hal_rcc_ex.o"
arm-none-eabi-gcc "../Drivers/STM32F1xx_HAL_Driver/Src/stm32f1xx_hal_tim.c" -mcpu=cortex-m3 -std=gnu11 -g3 -DDEBUG -DUSE_HAL_DRIVER -DSTM32F103x6 -c -I../Core/Inc -I../Drivers/STM32F1xx_HAL_Driver/Inc -I../Drivers/STM32F1xx_HAL_Driver/Inc/Legacy -I../Drivers/CMSIS/Device/ST/STM32F1xx/Include -I../Drivers/CMSIS/Include -O0 -ffunction-sections -fdata-sections -Wall -fstack-usage -MMD -MP -MF"Drivers/STM32F1xx_HAL_Driver/Src/stm32f1xx_hal_tim.d" -MT"Drivers/STM32F1xx_HAL_Driver/Src/stm32f1xx_hal_tim.o" --specs=nano.specs -mfloat-abi=soft -mthumb -o "Drivers/STM32F1xx_HAL_Driver/Src/stm32f1xx_hal_tim.o"
arm-none-eabi-gcc "../Drivers/STM32F1xx_HAL_Driver/Src/stm32f1xx_hal_tim_ex.c" -mcpu=cortex-m3 -std=gnu11 -g3 -DDEBUG -DUSE_HAL_DRIVER -DSTM32F103x6 -c -I../Core/Inc -I../Drivers/STM32F1xx_HAL_Driver/Inc -I../Drivers/STM32F1xx_HAL_Driver/Inc/Legacy -I../Drivers/CMSIS/Device/ST/STM32F1xx/Include -I../Drivers/CMSIS/Include -O0 -ffunction-sections -fdata-sections -Wall -fstack-usage -MMD -MP -MF"Drivers/STM32F1xx_HAL_Driver/Src/stm32f1xx_hal_tim_ex.d" -MT"Drivers/STM32F1xx_HAL_Driver/Src/stm32f1xx_hal_tim_ex.o" --specs=nano.specs -mfloat-abi=soft -mthumb -o "Drivers/STM32F1xx_HAL_Driver/Src/stm32f1xx_hal_tim_ex.o"
arm-none-eabi-gcc "../Core/Src/main.c" -mcpu=cortex-m3 -std=gnu11 -g3 -DDEBUG -DUSE_HAL_DRIVER -DSTM32F103x6 -c -I../Core/Inc -I../Drivers/STM32F1xx_HAL_Driver/Inc -I../Drivers/STM32F1xx_HAL_Driver/Inc/Legacy -I../Drivers/CMSIS/Device/ST/STM32F1xx/Include -I../Drivers/CMSIS/Include -O0 -ffunction-sections -fdata-sections -Wall -fstack-usage -MMD -MP -MF"Core/Src/main.d" -MT"Core/Src/main.o" --specs=nano.specs -mfloat-abi=soft -mthumb -o "Core/Src/main.o"
arm-none-eabi-gcc "../Core/Src/stm32f1xx_hal_msp.c" -mcpu=cortex-m3 -std=gnu11 -g3 -DDEBUG -DUSE_HAL_DRIVER -DSTM32F103x6 -c -I../Core/Inc -I../Drivers/STM32F1xx_HAL_Driver/Inc -I../Drivers/STM32F1xx_HAL_Driver/Inc/Legacy -I../Drivers/CMSIS/Device/ST/STM32F1xx/Include -I../Drivers/CMSIS/Include -O0 -ffunction-sections -fdata-sections -Wall -fstack-usage -MMD -MP -MF"Core/Src/stm32f1xx_hal_msp.d" -MT"Core/Src/stm32f1xx_hal_msp.o" --specs=nano.specs -mfloat-abi=soft -mthumb -o "Core/Src/stm32f1xx_hal_msp.o"
arm-none-eabi-gcc "../Core/Src/stm32f1xx_it.c" -mcpu=cortex-m3 -std=gnu11 -g3 -DDEBUG -DUSE_HAL_DRIVER -DSTM32F103x6 -c -I../Core/Inc -I../Drivers/STM32F1xx_HAL_Driver/Inc -I../Drivers/STM32F1xx_HAL_Driver/Inc/Legacy -I../Drivers/CMSIS/Device/ST/STM32F1xx/Include -I../Drivers/CMSIS/Include -O0 -ffunction-sections -fdata-sections -Wall -fstack-usage -MMD -MP -MF"Core/Src/stm32f1xx_it.d" -MT"Core/Src/stm32f1xx_it.o" --specs=nano.specs -mfloat-abi=soft -mthumb -o "Core/Src/stm32f1xx_it.o"
arm-none-eabi-gcc "../Core/Src/system_stm32f1xx.c" -mcpu=cortex-m3 -std=gnu11 -g3 -DDEBUG -DUSE_HAL_DRIVER -DSTM32F103x6 -c -I../Core/Inc -I../Drivers/STM32F1xx_HAL_Driver/Inc -I../Drivers/STM32F1xx_HAL_Driver/Inc/Legacy -I../Drivers/CMSIS/Device/ST/STM32F1xx/Include -I../Drivers/CMSIS/Include -O0 -ffunction-sections -fdata-sections -Wall -fstack-usage -MMD -MP -MF"Core/Src/system_stm32f1xx.d" -MT"Core/Src/system_stm32f1xx.o" --specs=nano.specs -mfloat-abi=soft -mthumb -o "Core/Src/system_stm32f1xx.o"
arm-none-eabi-gcc -o "Led_Animations.elf" @"objects.list"   -mcpu=cortex-m3 -T"C:\Users\Admin\STM32CubeIDE\workspace_1.7.0\Led_Animations\STM32F103C6UX_FLASH.ld" --specs=nosys.specs -Wl,-Map="Led_Animations.map" -Wl,--gc-sections -static --specs=nano.specs -mfloat-abi=soft -mthumb -Wl,--start-group -lc -lm -Wl,--end-group
Finished building target: Led_Animations.elf
 
arm-none-eabi-size   Led_Animations.elf 
arm-none-eabi-objdump -h -S  Led_Animations.elf  > "Led_Animations.list"
arm-none-eabi-objcopy  -O ihex  Led_Animations.elf  "Led_Animations.hex"
   text	   data	    bss	    dec	    hex	filename
   4888	     20	   1572	   6480	   1950	Led_Animations.elf
arm-none-eabi-objcopy  -O binary  Led_Animations.elf  "Led_Animations.bin"
Finished building: default.size.stdout
 
Finished building: Led_Animations.hex
Finished building: Led_Animations.list
Finished building: Led_Animations.bin
 
 
 
14:29:47 **** Incremental Build of configuration Debug for project Led_Animations ****
make -j22 all 
arm-none-eabi-gcc "../Drivers/STM32F1xx_HAL_Driver/Src/stm32f1xx_hal.c" -mcpu=cortex-m3 -std=gnu11 -g3 -DDEBUG -DUSE_HAL_DRIVER -DSTM32F103x6 -c -I../Core/Inc -I../Drivers/STM32F1xx_HAL_Driver/Inc -I../Drivers/STM32F1xx_HAL_Driver/Inc/Legacy -I../Drivers/CMSIS/Device/ST/STM32F1xx/Include -I../Drivers/CMSIS/Include -O0 -ffunction-sections -fdata-sections -Wall -fstack-usage -MMD -MP -MF"Drivers/STM32F1xx_HAL_Driver/Src/stm32f1xx_hal.d" -MT"Drivers/STM32F1xx_HAL_Driver/Src/stm32f1xx_hal.o" --specs=nano.specs -mfloat-abi=soft -mthumb -o "Drivers/STM32F1xx_HAL_Driver/Src/stm32f1xx_hal.o"
arm-none-eabi-gcc "../Drivers/STM32F1xx_HAL_Driver/Src/stm32f1xx_hal_cortex.c" -mcpu=cortex-m3 -std=gnu11 -g3 -DDEBUG -DUSE_HAL_DRIVER -DSTM32F103x6 -c -I../Core/Inc -I../Drivers/STM32F1xx_HAL_Driver/Inc -I../Drivers/STM32F1xx_HAL_Driver/Inc/Legacy -I../Drivers/CMSIS/Device/ST/STM32F1xx/Include -I../Drivers/CMSIS/Include -O0 -ffunction-sections -fdata-sections -Wall -fstack-usage -MMD -MP -MF"Drivers/STM32F1xx_HAL_Driver/Src/stm32f1xx_hal_cortex.d" -MT"Drivers/STM32F1xx_HAL_Driver/Src/stm32f1xx_hal_cortex.o" --specs=nano.specs -mfloat-abi=soft -mthumb -o "Drivers/STM32F1xx_HAL_Driver/Src/stm32f1xx_hal_cortex.o"
arm-none-eabi-gcc "../Drivers/STM32F1xx_HAL_Driver/Src/stm32f1xx_hal_dma.c" -mcpu=cortex-m3 -std=gnu11 -g3 -DDEBUG -DUSE_HAL_DRIVER -DSTM32F103x6 -c -I../Core/Inc -I../Drivers/STM32F1xx_HAL_Driver/Inc -I../Drivers/STM32F1xx_HAL_Driver/Inc/Legacy -I../Drivers/CMSIS/Device/ST/STM32F1xx/Include -I../Drivers/CMSIS/Include -O0 -ffunction-sections -fdata-sections -Wall -fstack-usage -MMD -MP -MF"Drivers/STM32F1xx_HAL_Driver/Src/stm32f1xx_hal_dma.d" -MT"Drivers/STM32F1xx_HAL_Driver/Src/stm32f1xx_hal_dma.o" --specs=nano.specs -mfloat-abi=soft -mthumb -o "Drivers/STM32F1xx_HAL_Driver/Src/stm32f1xx_hal_dma.o"
arm-none-eabi-gcc "../Drivers/STM32F1xx_HAL_Driver/Src/stm32f1xx_hal_exti.c" -mcpu=cortex-m3 -std=gnu11 -g3 -DDEBUG -DUSE_HAL_DRIVER -DSTM32F103x6 -c -I../Core/Inc -I../Drivers/STM32F1xx_HAL_Driver/Inc -I../Drivers/STM32F1xx_HAL_Driver/Inc/Legacy -I../Drivers/CMSIS/Device/ST/STM32F1xx/Include -I../Drivers/CMSIS/Include -O0 -ffunction-sections -fdata-sections -Wall -fstack-usage -MMD -MP -MF"Drivers/STM32F1xx_HAL_Driver/Src/stm32f1xx_hal_exti.d" -MT"Drivers/STM32F1xx_HAL_Driver/Src/stm32f1xx_hal_exti.o" --specs=nano.specs -mfloat-abi=soft -mthumb -o "Drivers/STM32F1xx_HAL_Driver/Src/stm32f1xx_hal_exti.o"
arm-none-eabi-gcc "../Drivers/STM32F1xx_HAL_Driver/Src/stm32f1xx_hal_flash.c" -mcpu=cortex-m3 -std=gnu11 -g3 -DDEBUG -DUSE_HAL_DRIVER -DSTM32F103x6 -c -I../Core/Inc -I../Drivers/STM32F1xx_HAL_Driver/Inc -I../Drivers/STM32F1xx_HAL_Driver/Inc/Legacy -I../Drivers/CMSIS/Device/ST/STM32F1xx/Include -I../Drivers/CMSIS/Include -O0 -ffunction-sections -fdata-sections -Wall -fstack-usage -MMD -MP -MF"Drivers/STM32F1xx_HAL_Driver/Src/stm32f1xx_hal_flash.d" -MT"Drivers/STM32F1xx_HAL_Driver/Src/stm32f1xx_hal_flash.o" --specs=nano.specs -mfloat-abi=soft -mthumb -o "Drivers/STM32F1xx_HAL_Driver/Src/stm32f1xx_hal_flash.o"
arm-none-eabi-gcc "../Drivers/STM32F1xx_HAL_Driver/Src/stm32f1xx_hal_flash_ex.c" -mcpu=cortex-m3 -std=gnu11 -g3 -DDEBUG -DUSE_HAL_DRIVER -DSTM32F103x6 -c -I../Core/Inc -I../Drivers/STM32F1xx_HAL_Driver/Inc -I../Drivers/STM32F1xx_HAL_Driver/Inc/Legacy -I../Drivers/CMSIS/Device/ST/STM32F1xx/Include -I../Drivers/CMSIS/Include -O0 -ffunction-sections -fdata-sections -Wall -fstack-usage -MMD -MP -MF"Drivers/STM32F1xx_HAL_Driver/Src/stm32f1xx_hal_flash_ex.d" -MT"Drivers/STM32F1xx_HAL_Driver/Src/stm32f1xx_hal_flash_ex.o" --specs=nano.specs -mfloat-abi=soft -mthumb -o "Drivers/STM32F1xx_HAL_Driver/Src/stm32f1xx_hal_flash_ex.o"
arm-none-eabi-gcc "../Drivers/STM32F1xx_HAL_Driver/Src/stm32f1xx_hal_gpio.c" -mcpu=cortex-m3 -std=gnu11 -g3 -DDEBUG -DUSE_HAL_DRIVER -DSTM32F103x6 -c -I../Core/Inc -I../Drivers/STM32F1xx_HAL_Driver/Inc -I../Drivers/STM32F1xx_HAL_Driver/Inc/Legacy -I../Drivers/CMSIS/Device/ST/STM32F1xx/Include -I../Drivers/CMSIS/Include -O0 -ffunction-sections -fdata-sections -Wall -fstack-usage -MMD -MP -MF"Drivers/STM32F1xx_HAL_Driver/Src/stm32f1xx_hal_gpio.d" -MT"Drivers/STM32F1xx_HAL_Driver/Src/stm32f1xx_hal_gpio.o" --specs=nano.specs -mfloat-abi=soft -mthumb -o "Drivers/STM32F1xx_HAL_Driver/Src/stm32f1xx_hal_gpio.o"
arm-none-eabi-gcc "../Drivers/STM32F1xx_HAL_Driver/Src/stm32f1xx_hal_gpio_ex.c" -mcpu=cortex-m3 -std=gnu11 -g3 -DDEBUG -DUSE_HAL_DRIVER -DSTM32F103x6 -c -I../Core/Inc -I../Drivers/STM32F1xx_HAL_Driver/Inc -I../Drivers/STM32F1xx_HAL_Driver/Inc/Legacy -I../Drivers/CMSIS/Device/ST/STM32F1xx/Include -I../Drivers/CMSIS/Include -O0 -ffunction-sections -fdata-sections -Wall -fstack-usage -MMD -MP -MF"Drivers/STM32F1xx_HAL_Driver/Src/stm32f1xx_hal_gpio_ex.d" -MT"Drivers/STM32F1xx_HAL_Driver/Src/stm32f1xx_hal_gpio_ex.o" --specs=nano.specs -mfloat-abi=soft -mthumb -o "Drivers/STM32F1xx_HAL_Driver/Src/stm32f1xx_hal_gpio_ex.o"
arm-none-eabi-gcc "../Drivers/STM32F1xx_HAL_Driver/Src/stm32f1xx_hal_pwr.c" -mcpu=cortex-m3 -std=gnu11 -g3 -DDEBUG -DUSE_HAL_DRIVER -DSTM32F103x6 -c -I../Core/Inc -I../Drivers/STM32F1xx_HAL_Driver/Inc -I../Drivers/STM32F1xx_HAL_Driver/Inc/Legacy -I../Drivers/CMSIS/Device/ST/STM32F1xx/Include -I../Drivers/CMSIS/Include -O0 -ffunction-sections -fdata-sections -Wall -fstack-usage -MMD -MP -MF"Drivers/STM32F1xx_HAL_Driver/Src/stm32f1xx_hal_pwr.d" -MT"Drivers/STM32F1xx_HAL_Driver/Src/stm32f1xx_hal_pwr.o" --specs=nano.specs -mfloat-abi=soft -mthumb -o "Drivers/STM32F1xx_HAL_Driver/Src/stm32f1xx_hal_pwr.o"
arm-none-eabi-gcc "../Drivers/STM32F1xx_HAL_Driver/Src/stm32f1xx_hal_rcc.c" -mcpu=cortex-m3 -std=gnu11 -g3 -DDEBUG -DUSE_HAL_DRIVER -DSTM32F103x6 -c -I../Core/Inc -I../Drivers/STM32F1xx_HAL_Driver/Inc -I../Drivers/STM32F1xx_HAL_Driver/Inc/Legacy -I../Drivers/CMSIS/Device/ST/STM32F1xx/Include -I../Drivers/CMSIS/Include -O0 -ffunction-sections -fdata-sections -Wall -fstack-usage -MMD -MP -MF"Drivers/STM32F1xx_HAL_Driver/Src/stm32f1xx_hal_rcc.d" -MT"Drivers/STM32F1xx_HAL_Driver/Src/stm32f1xx_hal_rcc.o" --specs=nano.specs -mfloat-abi=soft -mthumb -o "Drivers/STM32F1xx_HAL_Driver/Src/stm32f1xx_hal_rcc.o"
arm-none-eabi-gcc "../Drivers/STM32F1xx_HAL_Driver/Src/stm32f1xx_hal_rcc_ex.c" -mcpu=cortex-m3 -std=gnu11 -g3 -DDEBUG -DUSE_HAL_DRIVER -DSTM32F103x6 -c -I../Core/Inc -I../Drivers/STM32F1xx_HAL_Driver/Inc -I../Drivers/STM32F1xx_HAL_Driver/Inc/Legacy -I../Drivers/CMSIS/Device/ST/STM32F1xx/Include -I../Drivers/CMSIS/Include -O0 -ffunction-sections -fdata-sections -Wall -fstack-usage -MMD -MP -MF"Drivers/STM32F1xx_HAL_Driver/Src/stm32f1xx_hal_rcc_ex.d" -MT"Drivers/STM32F1xx_HAL_Driver/Src/stm32f1xx_hal_rcc_ex.o" --specs=nano.specs -mfloat-abi=soft -mthumb -o "Drivers/STM32F1xx_HAL_Driver/Src/stm32f1xx_hal_rcc_ex.o"
arm-none-eabi-gcc "../Drivers/STM32F1xx_HAL_Driver/Src/stm32f1xx_hal_tim.c" -mcpu=cortex-m3 -std=gnu11 -g3 -DDEBUG -DUSE_HAL_DRIVER -DSTM32F103x6 -c -I../Core/Inc -I../Drivers/STM32F1xx_HAL_Driver/Inc -I../Drivers/STM32F1xx_HAL_Driver/Inc/Legacy -I../Drivers/CMSIS/Device/ST/STM32F1xx/Include -I../Drivers/CMSIS/Include -O0 -ffunction-sections -fdata-sections -Wall -fstack-usage -MMD -MP -MF"Drivers/STM32F1xx_HAL_Driver/Src/stm32f1xx_hal_tim.d" -MT"Drivers/STM32F1xx_HAL_Driver/Src/stm32f1xx_hal_tim.o" --specs=nano.specs -mfloat-abi=soft -mthumb -o "Drivers/STM32F1xx_HAL_Driver/Src/stm32f1xx_hal_tim.o"
arm-none-eabi-gcc "../Drivers/STM32F1xx_HAL_Driver/Src/stm32f1xx_hal_tim_ex.c" -mcpu=cortex-m3 -std=gnu11 -g3 -DDEBUG -DUSE_HAL_DRIVER -DSTM32F103x6 -c -I../Core/Inc -I../Drivers/STM32F1xx_HAL_Driver/Inc -I../Drivers/STM32F1xx_HAL_Driver/Inc/Legacy -I../Drivers/CMSIS/Device/ST/STM32F1xx/Include -I../Drivers/CMSIS/Include -O0 -ffunction-sections -fdata-sections -Wall -fstack-usage -MMD -MP -MF"Drivers/STM32F1xx_HAL_Driver/Src/stm32f1xx_hal_tim_ex.d" -MT"Drivers/STM32F1xx_HAL_Driver/Src/stm32f1xx_hal_tim_ex.o" --specs=nano.specs -mfloat-abi=soft -mthumb -o "Drivers/STM32F1xx_HAL_Driver/Src/stm32f1xx_hal_tim_ex.o"
arm-none-eabi-gcc "../Core/Src/main.c" -mcpu=cortex-m3 -std=gnu11 -g3 -DDEBUG -DUSE_HAL_DRIVER -DSTM32F103x6 -c -I../Core/Inc -I../Drivers/STM32F1xx_HAL_Driver/Inc -I../Drivers/STM32F1xx_HAL_Driver/Inc/Legacy -I../Drivers/CMSIS/Device/ST/STM32F1xx/Include -I../Drivers/CMSIS/Include -O0 -ffunction-sections -fdata-sections -Wall -fstack-usage -MMD -MP -MF"Core/Src/main.d" -MT"Core/Src/main.o" --specs=nano.specs -mfloat-abi=soft -mthumb -o "Core/Src/main.o"
arm-none-eabi-gcc "../Core/Src/stm32f1xx_hal_msp.c" -mcpu=cortex-m3 -std=gnu11 -g3 -DDEBUG -DUSE_HAL_DRIVER -DSTM32F103x6 -c -I../Core/Inc -I../Drivers/STM32F1xx_HAL_Driver/Inc -I../Drivers/STM32F1xx_HAL_Driver/Inc/Legacy -I../Drivers/CMSIS/Device/ST/STM32F1xx/Include -I../Drivers/CMSIS/Include -O0 -ffunction-sections -fdata-sections -Wall -fstack-usage -MMD -MP -MF"Core/Src/stm32f1xx_hal_msp.d" -MT"Core/Src/stm32f1xx_hal_msp.o" --specs=nano.specs -mfloat-abi=soft -mthumb -o "Core/Src/stm32f1xx_hal_msp.o"
arm-none-eabi-gcc "../Core/Src/stm32f1xx_it.c" -mcpu=cortex-m3 -std=gnu11 -g3 -DDEBUG -DUSE_HAL_DRIVER -DSTM32F103x6 -c -I../Core/Inc -I../Drivers/STM32F1xx_HAL_Driver/Inc -I../Drivers/STM32F1xx_HAL_Driver/Inc/Legacy -I../Drivers/CMSIS/Device/ST/STM32F1xx/Include -I../Drivers/CMSIS/Include -O0 -ffunction-sections -fdata-sections -Wall -fstack-usage -MMD -MP -MF"Core/Src/stm32f1xx_it.d" -MT"Core/Src/stm32f1xx_it.o" --specs=nano.specs -mfloat-abi=soft -mthumb -o "Core/Src/stm32f1xx_it.o"
arm-none-eabi-gcc "../Core/Src/system_stm32f1xx.c" -mcpu=cortex-m3 -std=gnu11 -g3 -DDEBUG -DUSE_HAL_DRIVER -DSTM32F103x6 -c -I../Core/Inc -I../Drivers/STM32F1xx_HAL_Driver/Inc -I../Drivers/STM32F1xx_HAL_Driver/Inc/Legacy -I../Drivers/CMSIS/Device/ST/STM32F1xx/Include -I../Drivers/CMSIS/Include -O0 -ffunction-sections -fdata-sections -Wall -fstack-usage -MMD -MP -MF"Core/Src/system_stm32f1xx.d" -MT"Core/Src/system_stm32f1xx.o" --specs=nano.specs -mfloat-abi=soft -mthumb -o "Core/Src/system_stm32f1xx.o"
arm-none-eabi-gcc -o "Led_Animations.elf" @"objects.list"   -mcpu=cortex-m3 -T"C:\Users\Admin\STM32CubeIDE\workspace_1.7.0\Led_Animations\STM32F103C6UX_FLASH.ld" --specs=nosys.specs -Wl,-Map="Led_Animations.map" -Wl,--gc-sections -static --specs=nano.specs -mfloat-abi=soft -mthumb -Wl,--start-group -lc -lm -Wl,--end-group
Finished building target: Led_Animations.elf
 
arm-none-eabi-size   Led_Animations.elf 
arm-none-eabi-objdump -h -S  Led_Animations.elf  > "Led_Animations.list"
arm-none-eabi-objcopy  -O ihex  Led_Animations.elf  "Led_Animations.hex"
   text	   data	    bss	    dec	    hex	filename
   4888	     20	   1572	   6480	   1950	Led_Animations.elf
arm-none-eabi-objcopy  -O binary  Led_Animations.elf  "Led_Animations.bin"
Finished building: default.size.stdout
 
Finished building: Led_Animations.hex
Finished building: Led_Animations.bin
Finished building: Led_Animations.list
 
 
 
14:35:05 **** Incremental Build of configuration Debug for project Led_Animations ****
make -j22 all 
arm-none-eabi-gcc "../Drivers/STM32F1xx_HAL_Driver/Src/stm32f1xx_hal.c" -mcpu=cortex-m3 -std=gnu11 -g3 -DDEBUG -DUSE_HAL_DRIVER -DSTM32F103x6 -c -I../Core/Inc -I../Drivers/STM32F1xx_HAL_Driver/Inc -I../Drivers/STM32F1xx_HAL_Driver/Inc/Legacy -I../Drivers/CMSIS/Device/ST/STM32F1xx/Include -I../Drivers/CMSIS/Include -O0 -ffunction-sections -fdata-sections -Wall -fstack-usage -MMD -MP -MF"Drivers/STM32F1xx_HAL_Driver/Src/stm32f1xx_hal.d" -MT"Drivers/STM32F1xx_HAL_Driver/Src/stm32f1xx_hal.o" --specs=nano.specs -mfloat-abi=soft -mthumb -o "Drivers/STM32F1xx_HAL_Driver/Src/stm32f1xx_hal.o"
arm-none-eabi-gcc "../Drivers/STM32F1xx_HAL_Driver/Src/stm32f1xx_hal_cortex.c" -mcpu=cortex-m3 -std=gnu11 -g3 -DDEBUG -DUSE_HAL_DRIVER -DSTM32F103x6 -c -I../Core/Inc -I../Drivers/STM32F1xx_HAL_Driver/Inc -I../Drivers/STM32F1xx_HAL_Driver/Inc/Legacy -I../Drivers/CMSIS/Device/ST/STM32F1xx/Include -I../Drivers/CMSIS/Include -O0 -ffunction-sections -fdata-sections -Wall -fstack-usage -MMD -MP -MF"Drivers/STM32F1xx_HAL_Driver/Src/stm32f1xx_hal_cortex.d" -MT"Drivers/STM32F1xx_HAL_Driver/Src/stm32f1xx_hal_cortex.o" --specs=nano.specs -mfloat-abi=soft -mthumb -o "Drivers/STM32F1xx_HAL_Driver/Src/stm32f1xx_hal_cortex.o"
arm-none-eabi-gcc "../Drivers/STM32F1xx_HAL_Driver/Src/stm32f1xx_hal_dma.c" -mcpu=cortex-m3 -std=gnu11 -g3 -DDEBUG -DUSE_HAL_DRIVER -DSTM32F103x6 -c -I../Core/Inc -I../Drivers/STM32F1xx_HAL_Driver/Inc -I../Drivers/STM32F1xx_HAL_Driver/Inc/Legacy -I../Drivers/CMSIS/Device/ST/STM32F1xx/Include -I../Drivers/CMSIS/Include -O0 -ffunction-sections -fdata-sections -Wall -fstack-usage -MMD -MP -MF"Drivers/STM32F1xx_HAL_Driver/Src/stm32f1xx_hal_dma.d" -MT"Drivers/STM32F1xx_HAL_Driver/Src/stm32f1xx_hal_dma.o" --specs=nano.specs -mfloat-abi=soft -mthumb -o "Drivers/STM32F1xx_HAL_Driver/Src/stm32f1xx_hal_dma.o"
arm-none-eabi-gcc "../Drivers/STM32F1xx_HAL_Driver/Src/stm32f1xx_hal_exti.c" -mcpu=cortex-m3 -std=gnu11 -g3 -DDEBUG -DUSE_HAL_DRIVER -DSTM32F103x6 -c -I../Core/Inc -I../Drivers/STM32F1xx_HAL_Driver/Inc -I../Drivers/STM32F1xx_HAL_Driver/Inc/Legacy -I../Drivers/CMSIS/Device/ST/STM32F1xx/Include -I../Drivers/CMSIS/Include -O0 -ffunction-sections -fdata-sections -Wall -fstack-usage -MMD -MP -MF"Drivers/STM32F1xx_HAL_Driver/Src/stm32f1xx_hal_exti.d" -MT"Drivers/STM32F1xx_HAL_Driver/Src/stm32f1xx_hal_exti.o" --specs=nano.specs -mfloat-abi=soft -mthumb -o "Drivers/STM32F1xx_HAL_Driver/Src/stm32f1xx_hal_exti.o"
arm-none-eabi-gcc "../Drivers/STM32F1xx_HAL_Driver/Src/stm32f1xx_hal_flash.c" -mcpu=cortex-m3 -std=gnu11 -g3 -DDEBUG -DUSE_HAL_DRIVER -DSTM32F103x6 -c -I../Core/Inc -I../Drivers/STM32F1xx_HAL_Driver/Inc -I../Drivers/STM32F1xx_HAL_Driver/Inc/Legacy -I../Drivers/CMSIS/Device/ST/STM32F1xx/Include -I../Drivers/CMSIS/Include -O0 -ffunction-sections -fdata-sections -Wall -fstack-usage -MMD -MP -MF"Drivers/STM32F1xx_HAL_Driver/Src/stm32f1xx_hal_flash.d" -MT"Drivers/STM32F1xx_HAL_Driver/Src/stm32f1xx_hal_flash.o" --specs=nano.specs -mfloat-abi=soft -mthumb -o "Drivers/STM32F1xx_HAL_Driver/Src/stm32f1xx_hal_flash.o"
arm-none-eabi-gcc "../Drivers/STM32F1xx_HAL_Driver/Src/stm32f1xx_hal_flash_ex.c" -mcpu=cortex-m3 -std=gnu11 -g3 -DDEBUG -DUSE_HAL_DRIVER -DSTM32F103x6 -c -I../Core/Inc -I../Drivers/STM32F1xx_HAL_Driver/Inc -I../Drivers/STM32F1xx_HAL_Driver/Inc/Legacy -I../Drivers/CMSIS/Device/ST/STM32F1xx/Include -I../Drivers/CMSIS/Include -O0 -ffunction-sections -fdata-sections -Wall -fstack-usage -MMD -MP -MF"Drivers/STM32F1xx_HAL_Driver/Src/stm32f1xx_hal_flash_ex.d" -MT"Drivers/STM32F1xx_HAL_Driver/Src/stm32f1xx_hal_flash_ex.o" --specs=nano.specs -mfloat-abi=soft -mthumb -o "Drivers/STM32F1xx_HAL_Driver/Src/stm32f1xx_hal_flash_ex.o"
arm-none-eabi-gcc "../Drivers/STM32F1xx_HAL_Driver/Src/stm32f1xx_hal_gpio.c" -mcpu=cortex-m3 -std=gnu11 -g3 -DDEBUG -DUSE_HAL_DRIVER -DSTM32F103x6 -c -I../Core/Inc -I../Drivers/STM32F1xx_HAL_Driver/Inc -I../Drivers/STM32F1xx_HAL_Driver/Inc/Legacy -I../Drivers/CMSIS/Device/ST/STM32F1xx/Include -I../Drivers/CMSIS/Include -O0 -ffunction-sections -fdata-sections -Wall -fstack-usage -MMD -MP -MF"Drivers/STM32F1xx_HAL_Driver/Src/stm32f1xx_hal_gpio.d" -MT"Drivers/STM32F1xx_HAL_Driver/Src/stm32f1xx_hal_gpio.o" --specs=nano.specs -mfloat-abi=soft -mthumb -o "Drivers/STM32F1xx_HAL_Driver/Src/stm32f1xx_hal_gpio.o"
arm-none-eabi-gcc "../Drivers/STM32F1xx_HAL_Driver/Src/stm32f1xx_hal_gpio_ex.c" -mcpu=cortex-m3 -std=gnu11 -g3 -DDEBUG -DUSE_HAL_DRIVER -DSTM32F103x6 -c -I../Core/Inc -I../Drivers/STM32F1xx_HAL_Driver/Inc -I../Drivers/STM32F1xx_HAL_Driver/Inc/Legacy -I../Drivers/CMSIS/Device/ST/STM32F1xx/Include -I../Drivers/CMSIS/Include -O0 -ffunction-sections -fdata-sections -Wall -fstack-usage -MMD -MP -MF"Drivers/STM32F1xx_HAL_Driver/Src/stm32f1xx_hal_gpio_ex.d" -MT"Drivers/STM32F1xx_HAL_Driver/Src/stm32f1xx_hal_gpio_ex.o" --specs=nano.specs -mfloat-abi=soft -mthumb -o "Drivers/STM32F1xx_HAL_Driver/Src/stm32f1xx_hal_gpio_ex.o"
arm-none-eabi-gcc "../Drivers/STM32F1xx_HAL_Driver/Src/stm32f1xx_hal_pwr.c" -mcpu=cortex-m3 -std=gnu11 -g3 -DDEBUG -DUSE_HAL_DRIVER -DSTM32F103x6 -c -I../Core/Inc -I../Drivers/STM32F1xx_HAL_Driver/Inc -I../Drivers/STM32F1xx_HAL_Driver/Inc/Legacy -I../Drivers/CMSIS/Device/ST/STM32F1xx/Include -I../Drivers/CMSIS/Include -O0 -ffunction-sections -fdata-sections -Wall -fstack-usage -MMD -MP -MF"Drivers/STM32F1xx_HAL_Driver/Src/stm32f1xx_hal_pwr.d" -MT"Drivers/STM32F1xx_HAL_Driver/Src/stm32f1xx_hal_pwr.o" --specs=nano.specs -mfloat-abi=soft -mthumb -o "Drivers/STM32F1xx_HAL_Driver/Src/stm32f1xx_hal_pwr.o"
arm-none-eabi-gcc "../Drivers/STM32F1xx_HAL_Driver/Src/stm32f1xx_hal_rcc.c" -mcpu=cortex-m3 -std=gnu11 -g3 -DDEBUG -DUSE_HAL_DRIVER -DSTM32F103x6 -c -I../Core/Inc -I../Drivers/STM32F1xx_HAL_Driver/Inc -I../Drivers/STM32F1xx_HAL_Driver/Inc/Legacy -I../Drivers/CMSIS/Device/ST/STM32F1xx/Include -I../Drivers/CMSIS/Include -O0 -ffunction-sections -fdata-sections -Wall -fstack-usage -MMD -MP -MF"Drivers/STM32F1xx_HAL_Driver/Src/stm32f1xx_hal_rcc.d" -MT"Drivers/STM32F1xx_HAL_Driver/Src/stm32f1xx_hal_rcc.o" --specs=nano.specs -mfloat-abi=soft -mthumb -o "Drivers/STM32F1xx_HAL_Driver/Src/stm32f1xx_hal_rcc.o"
arm-none-eabi-gcc "../Drivers/STM32F1xx_HAL_Driver/Src/stm32f1xx_hal_rcc_ex.c" -mcpu=cortex-m3 -std=gnu11 -g3 -DDEBUG -DUSE_HAL_DRIVER -DSTM32F103x6 -c -I../Core/Inc -I../Drivers/STM32F1xx_HAL_Driver/Inc -I../Drivers/STM32F1xx_HAL_Driver/Inc/Legacy -I../Drivers/CMSIS/Device/ST/STM32F1xx/Include -I../Drivers/CMSIS/Include -O0 -ffunction-sections -fdata-sections -Wall -fstack-usage -MMD -MP -MF"Drivers/STM32F1xx_HAL_Driver/Src/stm32f1xx_hal_rcc_ex.d" -MT"Drivers/STM32F1xx_HAL_Driver/Src/stm32f1xx_hal_rcc_ex.o" --specs=nano.specs -mfloat-abi=soft -mthumb -o "Drivers/STM32F1xx_HAL_Driver/Src/stm32f1xx_hal_rcc_ex.o"
arm-none-eabi-gcc "../Drivers/STM32F1xx_HAL_Driver/Src/stm32f1xx_hal_tim.c" -mcpu=cortex-m3 -std=gnu11 -g3 -DDEBUG -DUSE_HAL_DRIVER -DSTM32F103x6 -c -I../Core/Inc -I../Drivers/STM32F1xx_HAL_Driver/Inc -I../Drivers/STM32F1xx_HAL_Driver/Inc/Legacy -I../Drivers/CMSIS/Device/ST/STM32F1xx/Include -I../Drivers/CMSIS/Include -O0 -ffunction-sections -fdata-sections -Wall -fstack-usage -MMD -MP -MF"Drivers/STM32F1xx_HAL_Driver/Src/stm32f1xx_hal_tim.d" -MT"Drivers/STM32F1xx_HAL_Driver/Src/stm32f1xx_hal_tim.o" --specs=nano.specs -mfloat-abi=soft -mthumb -o "Drivers/STM32F1xx_HAL_Driver/Src/stm32f1xx_hal_tim.o"
arm-none-eabi-gcc "../Drivers/STM32F1xx_HAL_Driver/Src/stm32f1xx_hal_tim_ex.c" -mcpu=cortex-m3 -std=gnu11 -g3 -DDEBUG -DUSE_HAL_DRIVER -DSTM32F103x6 -c -I../Core/Inc -I../Drivers/STM32F1xx_HAL_Driver/Inc -I../Drivers/STM32F1xx_HAL_Driver/Inc/Legacy -I../Drivers/CMSIS/Device/ST/STM32F1xx/Include -I../Drivers/CMSIS/Include -O0 -ffunction-sections -fdata-sections -Wall -fstack-usage -MMD -MP -MF"Drivers/STM32F1xx_HAL_Driver/Src/stm32f1xx_hal_tim_ex.d" -MT"Drivers/STM32F1xx_HAL_Driver/Src/stm32f1xx_hal_tim_ex.o" --specs=nano.specs -mfloat-abi=soft -mthumb -o "Drivers/STM32F1xx_HAL_Driver/Src/stm32f1xx_hal_tim_ex.o"
arm-none-eabi-gcc "../Core/Src/main.c" -mcpu=cortex-m3 -std=gnu11 -g3 -DDEBUG -DUSE_HAL_DRIVER -DSTM32F103x6 -c -I../Core/Inc -I../Drivers/STM32F1xx_HAL_Driver/Inc -I../Drivers/STM32F1xx_HAL_Driver/Inc/Legacy -I../Drivers/CMSIS/Device/ST/STM32F1xx/Include -I../Drivers/CMSIS/Include -O0 -ffunction-sections -fdata-sections -Wall -fstack-usage -MMD -MP -MF"Core/Src/main.d" -MT"Core/Src/main.o" --specs=nano.specs -mfloat-abi=soft -mthumb -o "Core/Src/main.o"
arm-none-eabi-gcc "../Core/Src/stm32f1xx_hal_msp.c" -mcpu=cortex-m3 -std=gnu11 -g3 -DDEBUG -DUSE_HAL_DRIVER -DSTM32F103x6 -c -I../Core/Inc -I../Drivers/STM32F1xx_HAL_Driver/Inc -I../Drivers/STM32F1xx_HAL_Driver/Inc/Legacy -I../Drivers/CMSIS/Device/ST/STM32F1xx/Include -I../Drivers/CMSIS/Include -O0 -ffunction-sections -fdata-sections -Wall -fstack-usage -MMD -MP -MF"Core/Src/stm32f1xx_hal_msp.d" -MT"Core/Src/stm32f1xx_hal_msp.o" --specs=nano.specs -mfloat-abi=soft -mthumb -o "Core/Src/stm32f1xx_hal_msp.o"
arm-none-eabi-gcc "../Core/Src/stm32f1xx_it.c" -mcpu=cortex-m3 -std=gnu11 -g3 -DDEBUG -DUSE_HAL_DRIVER -DSTM32F103x6 -c -I../Core/Inc -I../Drivers/STM32F1xx_HAL_Driver/Inc -I../Drivers/STM32F1xx_HAL_Driver/Inc/Legacy -I../Drivers/CMSIS/Device/ST/STM32F1xx/Include -I../Drivers/CMSIS/Include -O0 -ffunction-sections -fdata-sections -Wall -fstack-usage -MMD -MP -MF"Core/Src/stm32f1xx_it.d" -MT"Core/Src/stm32f1xx_it.o" --specs=nano.specs -mfloat-abi=soft -mthumb -o "Core/Src/stm32f1xx_it.o"
arm-none-eabi-gcc "../Core/Src/system_stm32f1xx.c" -mcpu=cortex-m3 -std=gnu11 -g3 -DDEBUG -DUSE_HAL_DRIVER -DSTM32F103x6 -c -I../Core/Inc -I../Drivers/STM32F1xx_HAL_Driver/Inc -I../Drivers/STM32F1xx_HAL_Driver/Inc/Legacy -I../Drivers/CMSIS/Device/ST/STM32F1xx/Include -I../Drivers/CMSIS/Include -O0 -ffunction-sections -fdata-sections -Wall -fstack-usage -MMD -MP -MF"Core/Src/system_stm32f1xx.d" -MT"Core/Src/system_stm32f1xx.o" --specs=nano.specs -mfloat-abi=soft -mthumb -o "Core/Src/system_stm32f1xx.o"
arm-none-eabi-gcc -o "Led_Animations.elf" @"objects.list"   -mcpu=cortex-m3 -T"C:\Users\Admin\STM32CubeIDE\workspace_1.7.0\Led_Animations\STM32F103C6UX_FLASH.ld" --specs=nosys.specs -Wl,-Map="Led_Animations.map" -Wl,--gc-sections -static --specs=nano.specs -mfloat-abi=soft -mthumb -Wl,--start-group -lc -lm -Wl,--end-group
Finished building target: Led_Animations.elf
 
arm-none-eabi-size   Led_Animations.elf 
arm-none-eabi-objdump -h -S  Led_Animations.elf  > "Led_Animations.list"
arm-none-eabi-objcopy  -O ihex  Led_Animations.elf  "Led_Animations.hex"
   text	   data	    bss	    dec	    hex	filename
   4888	     20	   1572	   6480	   1950	Led_Animations.elf
arm-none-eabi-objcopy  -O binary  Led_Animations.elf  "Led_Animations.bin"
Finished building: default.size.stdout
 
Finished building: Led_Animations.hex
Finished building: Led_Animations.list
Finished building: Led_Animations.bin
 
 
 
14:37:41 **** Incremental Build of configuration Debug for project Led_Animations ****
make -j22 all 
arm-none-eabi-gcc "../Drivers/STM32F1xx_HAL_Driver/Src/stm32f1xx_hal.c" -mcpu=cortex-m3 -std=gnu11 -g3 -DDEBUG -DUSE_HAL_DRIVER -DSTM32F103x6 -c -I../Core/Inc -I../Drivers/STM32F1xx_HAL_Driver/Inc -I../Drivers/STM32F1xx_HAL_Driver/Inc/Legacy -I../Drivers/CMSIS/Device/ST/STM32F1xx/Include -I../Drivers/CMSIS/Include -O0 -ffunction-sections -fdata-sections -Wall -fstack-usage -MMD -MP -MF"Drivers/STM32F1xx_HAL_Driver/Src/stm32f1xx_hal.d" -MT"Drivers/STM32F1xx_HAL_Driver/Src/stm32f1xx_hal.o" --specs=nano.specs -mfloat-abi=soft -mthumb -o "Drivers/STM32F1xx_HAL_Driver/Src/stm32f1xx_hal.o"
arm-none-eabi-gcc "../Drivers/STM32F1xx_HAL_Driver/Src/stm32f1xx_hal_cortex.c" -mcpu=cortex-m3 -std=gnu11 -g3 -DDEBUG -DUSE_HAL_DRIVER -DSTM32F103x6 -c -I../Core/Inc -I../Drivers/STM32F1xx_HAL_Driver/Inc -I../Drivers/STM32F1xx_HAL_Driver/Inc/Legacy -I../Drivers/CMSIS/Device/ST/STM32F1xx/Include -I../Drivers/CMSIS/Include -O0 -ffunction-sections -fdata-sections -Wall -fstack-usage -MMD -MP -MF"Drivers/STM32F1xx_HAL_Driver/Src/stm32f1xx_hal_cortex.d" -MT"Drivers/STM32F1xx_HAL_Driver/Src/stm32f1xx_hal_cortex.o" --specs=nano.specs -mfloat-abi=soft -mthumb -o "Drivers/STM32F1xx_HAL_Driver/Src/stm32f1xx_hal_cortex.o"
arm-none-eabi-gcc "../Drivers/STM32F1xx_HAL_Driver/Src/stm32f1xx_hal_dma.c" -mcpu=cortex-m3 -std=gnu11 -g3 -DDEBUG -DUSE_HAL_DRIVER -DSTM32F103x6 -c -I../Core/Inc -I../Drivers/STM32F1xx_HAL_Driver/Inc -I../Drivers/STM32F1xx_HAL_Driver/Inc/Legacy -I../Drivers/CMSIS/Device/ST/STM32F1xx/Include -I../Drivers/CMSIS/Include -O0 -ffunction-sections -fdata-sections -Wall -fstack-usage -MMD -MP -MF"Drivers/STM32F1xx_HAL_Driver/Src/stm32f1xx_hal_dma.d" -MT"Drivers/STM32F1xx_HAL_Driver/Src/stm32f1xx_hal_dma.o" --specs=nano.specs -mfloat-abi=soft -mthumb -o "Drivers/STM32F1xx_HAL_Driver/Src/stm32f1xx_hal_dma.o"
arm-none-eabi-gcc "../Drivers/STM32F1xx_HAL_Driver/Src/stm32f1xx_hal_exti.c" -mcpu=cortex-m3 -std=gnu11 -g3 -DDEBUG -DUSE_HAL_DRIVER -DSTM32F103x6 -c -I../Core/Inc -I../Drivers/STM32F1xx_HAL_Driver/Inc -I../Drivers/STM32F1xx_HAL_Driver/Inc/Legacy -I../Drivers/CMSIS/Device/ST/STM32F1xx/Include -I../Drivers/CMSIS/Include -O0 -ffunction-sections -fdata-sections -Wall -fstack-usage -MMD -MP -MF"Drivers/STM32F1xx_HAL_Driver/Src/stm32f1xx_hal_exti.d" -MT"Drivers/STM32F1xx_HAL_Driver/Src/stm32f1xx_hal_exti.o" --specs=nano.specs -mfloat-abi=soft -mthumb -o "Drivers/STM32F1xx_HAL_Driver/Src/stm32f1xx_hal_exti.o"
arm-none-eabi-gcc "../Drivers/STM32F1xx_HAL_Driver/Src/stm32f1xx_hal_flash.c" -mcpu=cortex-m3 -std=gnu11 -g3 -DDEBUG -DUSE_HAL_DRIVER -DSTM32F103x6 -c -I../Core/Inc -I../Drivers/STM32F1xx_HAL_Driver/Inc -I../Drivers/STM32F1xx_HAL_Driver/Inc/Legacy -I../Drivers/CMSIS/Device/ST/STM32F1xx/Include -I../Drivers/CMSIS/Include -O0 -ffunction-sections -fdata-sections -Wall -fstack-usage -MMD -MP -MF"Drivers/STM32F1xx_HAL_Driver/Src/stm32f1xx_hal_flash.d" -MT"Drivers/STM32F1xx_HAL_Driver/Src/stm32f1xx_hal_flash.o" --specs=nano.specs -mfloat-abi=soft -mthumb -o "Drivers/STM32F1xx_HAL_Driver/Src/stm32f1xx_hal_flash.o"
arm-none-eabi-gcc "../Drivers/STM32F1xx_HAL_Driver/Src/stm32f1xx_hal_flash_ex.c" -mcpu=cortex-m3 -std=gnu11 -g3 -DDEBUG -DUSE_HAL_DRIVER -DSTM32F103x6 -c -I../Core/Inc -I../Drivers/STM32F1xx_HAL_Driver/Inc -I../Drivers/STM32F1xx_HAL_Driver/Inc/Legacy -I../Drivers/CMSIS/Device/ST/STM32F1xx/Include -I../Drivers/CMSIS/Include -O0 -ffunction-sections -fdata-sections -Wall -fstack-usage -MMD -MP -MF"Drivers/STM32F1xx_HAL_Driver/Src/stm32f1xx_hal_flash_ex.d" -MT"Drivers/STM32F1xx_HAL_Driver/Src/stm32f1xx_hal_flash_ex.o" --specs=nano.specs -mfloat-abi=soft -mthumb -o "Drivers/STM32F1xx_HAL_Driver/Src/stm32f1xx_hal_flash_ex.o"
arm-none-eabi-gcc "../Drivers/STM32F1xx_HAL_Driver/Src/stm32f1xx_hal_gpio.c" -mcpu=cortex-m3 -std=gnu11 -g3 -DDEBUG -DUSE_HAL_DRIVER -DSTM32F103x6 -c -I../Core/Inc -I../Drivers/STM32F1xx_HAL_Driver/Inc -I../Drivers/STM32F1xx_HAL_Driver/Inc/Legacy -I../Drivers/CMSIS/Device/ST/STM32F1xx/Include -I../Drivers/CMSIS/Include -O0 -ffunction-sections -fdata-sections -Wall -fstack-usage -MMD -MP -MF"Drivers/STM32F1xx_HAL_Driver/Src/stm32f1xx_hal_gpio.d" -MT"Drivers/STM32F1xx_HAL_Driver/Src/stm32f1xx_hal_gpio.o" --specs=nano.specs -mfloat-abi=soft -mthumb -o "Drivers/STM32F1xx_HAL_Driver/Src/stm32f1xx_hal_gpio.o"
arm-none-eabi-gcc "../Drivers/STM32F1xx_HAL_Driver/Src/stm32f1xx_hal_gpio_ex.c" -mcpu=cortex-m3 -std=gnu11 -g3 -DDEBUG -DUSE_HAL_DRIVER -DSTM32F103x6 -c -I../Core/Inc -I../Drivers/STM32F1xx_HAL_Driver/Inc -I../Drivers/STM32F1xx_HAL_Driver/Inc/Legacy -I../Drivers/CMSIS/Device/ST/STM32F1xx/Include -I../Drivers/CMSIS/Include -O0 -ffunction-sections -fdata-sections -Wall -fstack-usage -MMD -MP -MF"Drivers/STM32F1xx_HAL_Driver/Src/stm32f1xx_hal_gpio_ex.d" -MT"Drivers/STM32F1xx_HAL_Driver/Src/stm32f1xx_hal_gpio_ex.o" --specs=nano.specs -mfloat-abi=soft -mthumb -o "Drivers/STM32F1xx_HAL_Driver/Src/stm32f1xx_hal_gpio_ex.o"
arm-none-eabi-gcc "../Drivers/STM32F1xx_HAL_Driver/Src/stm32f1xx_hal_pwr.c" -mcpu=cortex-m3 -std=gnu11 -g3 -DDEBUG -DUSE_HAL_DRIVER -DSTM32F103x6 -c -I../Core/Inc -I../Drivers/STM32F1xx_HAL_Driver/Inc -I../Drivers/STM32F1xx_HAL_Driver/Inc/Legacy -I../Drivers/CMSIS/Device/ST/STM32F1xx/Include -I../Drivers/CMSIS/Include -O0 -ffunction-sections -fdata-sections -Wall -fstack-usage -MMD -MP -MF"Drivers/STM32F1xx_HAL_Driver/Src/stm32f1xx_hal_pwr.d" -MT"Drivers/STM32F1xx_HAL_Driver/Src/stm32f1xx_hal_pwr.o" --specs=nano.specs -mfloat-abi=soft -mthumb -o "Drivers/STM32F1xx_HAL_Driver/Src/stm32f1xx_hal_pwr.o"
arm-none-eabi-gcc "../Drivers/STM32F1xx_HAL_Driver/Src/stm32f1xx_hal_rcc.c" -mcpu=cortex-m3 -std=gnu11 -g3 -DDEBUG -DUSE_HAL_DRIVER -DSTM32F103x6 -c -I../Core/Inc -I../Drivers/STM32F1xx_HAL_Driver/Inc -I../Drivers/STM32F1xx_HAL_Driver/Inc/Legacy -I../Drivers/CMSIS/Device/ST/STM32F1xx/Include -I../Drivers/CMSIS/Include -O0 -ffunction-sections -fdata-sections -Wall -fstack-usage -MMD -MP -MF"Drivers/STM32F1xx_HAL_Driver/Src/stm32f1xx_hal_rcc.d" -MT"Drivers/STM32F1xx_HAL_Driver/Src/stm32f1xx_hal_rcc.o" --specs=nano.specs -mfloat-abi=soft -mthumb -o "Drivers/STM32F1xx_HAL_Driver/Src/stm32f1xx_hal_rcc.o"
arm-none-eabi-gcc "../Drivers/STM32F1xx_HAL_Driver/Src/stm32f1xx_hal_rcc_ex.c" -mcpu=cortex-m3 -std=gnu11 -g3 -DDEBUG -DUSE_HAL_DRIVER -DSTM32F103x6 -c -I../Core/Inc -I../Drivers/STM32F1xx_HAL_Driver/Inc -I../Drivers/STM32F1xx_HAL_Driver/Inc/Legacy -I../Drivers/CMSIS/Device/ST/STM32F1xx/Include -I../Drivers/CMSIS/Include -O0 -ffunction-sections -fdata-sections -Wall -fstack-usage -MMD -MP -MF"Drivers/STM32F1xx_HAL_Driver/Src/stm32f1xx_hal_rcc_ex.d" -MT"Drivers/STM32F1xx_HAL_Driver/Src/stm32f1xx_hal_rcc_ex.o" --specs=nano.specs -mfloat-abi=soft -mthumb -o "Drivers/STM32F1xx_HAL_Driver/Src/stm32f1xx_hal_rcc_ex.o"
arm-none-eabi-gcc "../Drivers/STM32F1xx_HAL_Driver/Src/stm32f1xx_hal_tim.c" -mcpu=cortex-m3 -std=gnu11 -g3 -DDEBUG -DUSE_HAL_DRIVER -DSTM32F103x6 -c -I../Core/Inc -I../Drivers/STM32F1xx_HAL_Driver/Inc -I../Drivers/STM32F1xx_HAL_Driver/Inc/Legacy -I../Drivers/CMSIS/Device/ST/STM32F1xx/Include -I../Drivers/CMSIS/Include -O0 -ffunction-sections -fdata-sections -Wall -fstack-usage -MMD -MP -MF"Drivers/STM32F1xx_HAL_Driver/Src/stm32f1xx_hal_tim.d" -MT"Drivers/STM32F1xx_HAL_Driver/Src/stm32f1xx_hal_tim.o" --specs=nano.specs -mfloat-abi=soft -mthumb -o "Drivers/STM32F1xx_HAL_Driver/Src/stm32f1xx_hal_tim.o"
arm-none-eabi-gcc "../Drivers/STM32F1xx_HAL_Driver/Src/stm32f1xx_hal_tim_ex.c" -mcpu=cortex-m3 -std=gnu11 -g3 -DDEBUG -DUSE_HAL_DRIVER -DSTM32F103x6 -c -I../Core/Inc -I../Drivers/STM32F1xx_HAL_Driver/Inc -I../Drivers/STM32F1xx_HAL_Driver/Inc/Legacy -I../Drivers/CMSIS/Device/ST/STM32F1xx/Include -I../Drivers/CMSIS/Include -O0 -ffunction-sections -fdata-sections -Wall -fstack-usage -MMD -MP -MF"Drivers/STM32F1xx_HAL_Driver/Src/stm32f1xx_hal_tim_ex.d" -MT"Drivers/STM32F1xx_HAL_Driver/Src/stm32f1xx_hal_tim_ex.o" --specs=nano.specs -mfloat-abi=soft -mthumb -o "Drivers/STM32F1xx_HAL_Driver/Src/stm32f1xx_hal_tim_ex.o"
arm-none-eabi-gcc "../Core/Src/main.c" -mcpu=cortex-m3 -std=gnu11 -g3 -DDEBUG -DUSE_HAL_DRIVER -DSTM32F103x6 -c -I../Core/Inc -I../Drivers/STM32F1xx_HAL_Driver/Inc -I../Drivers/STM32F1xx_HAL_Driver/Inc/Legacy -I../Drivers/CMSIS/Device/ST/STM32F1xx/Include -I../Drivers/CMSIS/Include -O0 -ffunction-sections -fdata-sections -Wall -fstack-usage -MMD -MP -MF"Core/Src/main.d" -MT"Core/Src/main.o" --specs=nano.specs -mfloat-abi=soft -mthumb -o "Core/Src/main.o"
arm-none-eabi-gcc "../Core/Src/stm32f1xx_hal_msp.c" -mcpu=cortex-m3 -std=gnu11 -g3 -DDEBUG -DUSE_HAL_DRIVER -DSTM32F103x6 -c -I../Core/Inc -I../Drivers/STM32F1xx_HAL_Driver/Inc -I../Drivers/STM32F1xx_HAL_Driver/Inc/Legacy -I../Drivers/CMSIS/Device/ST/STM32F1xx/Include -I../Drivers/CMSIS/Include -O0 -ffunction-sections -fdata-sections -Wall -fstack-usage -MMD -MP -MF"Core/Src/stm32f1xx_hal_msp.d" -MT"Core/Src/stm32f1xx_hal_msp.o" --specs=nano.specs -mfloat-abi=soft -mthumb -o "Core/Src/stm32f1xx_hal_msp.o"
arm-none-eabi-gcc "../Core/Src/stm32f1xx_it.c" -mcpu=cortex-m3 -std=gnu11 -g3 -DDEBUG -DUSE_HAL_DRIVER -DSTM32F103x6 -c -I../Core/Inc -I../Drivers/STM32F1xx_HAL_Driver/Inc -I../Drivers/STM32F1xx_HAL_Driver/Inc/Legacy -I../Drivers/CMSIS/Device/ST/STM32F1xx/Include -I../Drivers/CMSIS/Include -O0 -ffunction-sections -fdata-sections -Wall -fstack-usage -MMD -MP -MF"Core/Src/stm32f1xx_it.d" -MT"Core/Src/stm32f1xx_it.o" --specs=nano.specs -mfloat-abi=soft -mthumb -o "Core/Src/stm32f1xx_it.o"
arm-none-eabi-gcc "../Core/Src/system_stm32f1xx.c" -mcpu=cortex-m3 -std=gnu11 -g3 -DDEBUG -DUSE_HAL_DRIVER -DSTM32F103x6 -c -I../Core/Inc -I../Drivers/STM32F1xx_HAL_Driver/Inc -I../Drivers/STM32F1xx_HAL_Driver/Inc/Legacy -I../Drivers/CMSIS/Device/ST/STM32F1xx/Include -I../Drivers/CMSIS/Include -O0 -ffunction-sections -fdata-sections -Wall -fstack-usage -MMD -MP -MF"Core/Src/system_stm32f1xx.d" -MT"Core/Src/system_stm32f1xx.o" --specs=nano.specs -mfloat-abi=soft -mthumb -o "Core/Src/system_stm32f1xx.o"
arm-none-eabi-gcc -o "Led_Animations.elf" @"objects.list"   -mcpu=cortex-m3 -T"C:\Users\Admin\STM32CubeIDE\workspace_1.7.0\Led_Animations\STM32F103C6UX_FLASH.ld" --specs=nosys.specs -Wl,-Map="Led_Animations.map" -Wl,--gc-sections -static --specs=nano.specs -mfloat-abi=soft -mthumb -Wl,--start-group -lc -lm -Wl,--end-group
Finished building target: Led_Animations.elf
 
arm-none-eabi-size   Led_Animations.elf 
arm-none-eabi-objdump -h -S  Led_Animations.elf  > "Led_Animations.list"
arm-none-eabi-objcopy  -O ihex  Led_Animations.elf  "Led_Animations.hex"
   text	   data	    bss	    dec	    hex	filename
   4888	     20	   1572	   6480	   1950	Led_Animations.elf
arm-none-eabi-objcopy  -O binary  Led_Animations.elf  "Led_Animations.bin"
Finished building: default.size.stdout
 
Finished building: Led_Animations.hex
Finished building: Led_Animations.list
Finished building: Led_Animations.bin
 
 
 
14:38:47 **** Incremental Build of configuration Debug for project Led_Animations ****
make -j22 all 
arm-none-eabi-size   Led_Animations.elf 
   text	   data	    bss	    dec	    hex	filename
   4888	     20	   1572	   6480	   1950	Led_Animations.elf
Finished building: default.size.stdout
 
14:41:02 **** Incremental Build of configuration Debug for project Led_Animations ****
make -j22 all 
arm-none-eabi-gcc "../Core/Src/main.c" -mcpu=cortex-m3 -std=gnu11 -g3 -DDEBUG -DUSE_HAL_DRIVER -DSTM32F103x6 -c -I../Core/Inc -I../Drivers/STM32F1xx_HAL_Driver/Inc -I../Drivers/STM32F1xx_HAL_Driver/Inc/Legacy -I../Drivers/CMSIS/Device/ST/STM32F1xx/Include -I../Drivers/CMSIS/Include -O0 -ffunction-sections -fdata-sections -Wall -fstack-usage -MMD -MP -MF"Core/Src/main.d" -MT"Core/Src/main.o" --specs=nano.specs -mfloat-abi=soft -mthumb -o "Core/Src/main.o"
arm-none-eabi-gcc -o "Led_Animations.elf" @"objects.list"   -mcpu=cortex-m3 -T"C:\Users\Admin\STM32CubeIDE\workspace_1.7.0\Led_Animations\STM32F103C6UX_FLASH.ld" --specs=nosys.specs -Wl,-Map="Led_Animations.map" -Wl,--gc-sections -static --specs=nano.specs -mfloat-abi=soft -mthumb -Wl,--start-group -lc -lm -Wl,--end-group
Finished building target: Led_Animations.elf
 
arm-none-eabi-size   Led_Animations.elf 
arm-none-eabi-objdump -h -S  Led_Animations.elf  > "Led_Animations.list"
   text	   data	    bss	    dec	    hex	filename
   4888	     20	   1572	   6480	   1950	Led_Animations.elf
arm-none-eabi-objcopy  -O ihex  Led_Animations.elf  "Led_Animations.hex"
arm-none-eabi-objcopy  -O binary  Led_Animations.elf  "Led_Animations.bin"
Finished building: default.size.stdout
 
Finished building: Led_Animations.hex
Finished building: Led_Animations.bin
Finished building: Led_Animations.list
 
 
 
14:44:14 **** Incremental Build of configuration Debug for project Led_Animations ****
make -j22 all 
arm-none-eabi-gcc "../Core/Src/main.c" -mcpu=cortex-m3 -std=gnu11 -g3 -DDEBUG -DUSE_HAL_DRIVER -DSTM32F103x6 -c -I../Core/Inc -I../Drivers/STM32F1xx_HAL_Driver/Inc -I../Drivers/STM32F1xx_HAL_Driver/Inc/Legacy -I../Drivers/CMSIS/Device/ST/STM32F1xx/Include -I../Drivers/CMSIS/Include -O0 -ffunction-sections -fdata-sections -Wall -fstack-usage -MMD -MP -MF"Core/Src/main.d" -MT"Core/Src/main.o" --specs=nano.specs -mfloat-abi=soft -mthumb -o "Core/Src/main.o"
arm-none-eabi-gcc -o "Led_Animations.elf" @"objects.list"   -mcpu=cortex-m3 -T"C:\Users\Admin\STM32CubeIDE\workspace_1.7.0\Led_Animations\STM32F103C6UX_FLASH.ld" --specs=nosys.specs -Wl,-Map="Led_Animations.map" -Wl,--gc-sections -static --specs=nano.specs -mfloat-abi=soft -mthumb -Wl,--start-group -lc -lm -Wl,--end-group
Finished building target: Led_Animations.elf
 
arm-none-eabi-size   Led_Animations.elf 
arm-none-eabi-objdump -h -S  Led_Animations.elf  > "Led_Animations.list"
arm-none-eabi-objcopy  -O ihex  Led_Animations.elf  "Led_Animations.hex"
   text	   data	    bss	    dec	    hex	filename
   4888	     20	   1572	   6480	   1950	Led_Animations.elf
arm-none-eabi-objcopy  -O binary  Led_Animations.elf  "Led_Animations.bin"
Finished building: default.size.stdout
 
Finished building: Led_Animations.hex
 
Finished building: Led_Animations.list
Finished building: Led_Animations.bin
 
 
14:52:38 **** Incremental Build of configuration Debug for project Led_Animations ****
make -j22 all 
arm-none-eabi-gcc "../Core/Src/main.c" -mcpu=cortex-m3 -std=gnu11 -g3 -DDEBUG -DUSE_HAL_DRIVER -DSTM32F103x6 -c -I../Core/Inc -I../Drivers/STM32F1xx_HAL_Driver/Inc -I../Drivers/STM32F1xx_HAL_Driver/Inc/Legacy -I../Drivers/CMSIS/Device/ST/STM32F1xx/Include -I../Drivers/CMSIS/Include -O0 -ffunction-sections -fdata-sections -Wall -fstack-usage -MMD -MP -MF"Core/Src/main.d" -MT"Core/Src/main.o" --specs=nano.specs -mfloat-abi=soft -mthumb -o "Core/Src/main.o"
arm-none-eabi-gcc -o "Led_Animations.elf" @"objects.list"   -mcpu=cortex-m3 -T"C:\Users\Admin\STM32CubeIDE\workspace_1.7.0\Led_Animations\STM32F103C6UX_FLASH.ld" --specs=nosys.specs -Wl,-Map="Led_Animations.map" -Wl,--gc-sections -static --specs=nano.specs -mfloat-abi=soft -mthumb -Wl,--start-group -lc -lm -Wl,--end-group
Finished building target: Led_Animations.elf
 
arm-none-eabi-size   Led_Animations.elf 
arm-none-eabi-objdump -h -S  Led_Animations.elf  > "Led_Animations.list"
arm-none-eabi-objcopy  -O ihex  Led_Animations.elf  "Led_Animations.hex"
arm-none-eabi-objcopy  -O binary  Led_Animations.elf  "Led_Animations.bin"
   text	   data	    bss	    dec	    hex	filename
   4888	     20	   1572	   6480	   1950	Led_Animations.elf
Finished building: default.size.stdout
 
Finished building: Led_Animations.hex
Finished building: Led_Animations.bin
 
Finished building: Led_Animations.list
 
 
14:55:09 **** Incremental Build of configuration Debug for project Led_Animations ****
make -j22 all 
arm-none-eabi-gcc "../Drivers/STM32F1xx_HAL_Driver/Src/stm32f1xx_hal.c" -mcpu=cortex-m3 -std=gnu11 -g3 -DDEBUG -DUSE_HAL_DRIVER -DSTM32F103x6 -c -I../Core/Inc -I../Drivers/STM32F1xx_HAL_Driver/Inc -I../Drivers/STM32F1xx_HAL_Driver/Inc/Legacy -I../Drivers/CMSIS/Device/ST/STM32F1xx/Include -I../Drivers/CMSIS/Include -O0 -ffunction-sections -fdata-sections -Wall -fstack-usage -MMD -MP -MF"Drivers/STM32F1xx_HAL_Driver/Src/stm32f1xx_hal.d" -MT"Drivers/STM32F1xx_HAL_Driver/Src/stm32f1xx_hal.o" --specs=nano.specs -mfloat-abi=soft -mthumb -o "Drivers/STM32F1xx_HAL_Driver/Src/stm32f1xx_hal.o"
arm-none-eabi-gcc "../Drivers/STM32F1xx_HAL_Driver/Src/stm32f1xx_hal_cortex.c" -mcpu=cortex-m3 -std=gnu11 -g3 -DDEBUG -DUSE_HAL_DRIVER -DSTM32F103x6 -c -I../Core/Inc -I../Drivers/STM32F1xx_HAL_Driver/Inc -I../Drivers/STM32F1xx_HAL_Driver/Inc/Legacy -I../Drivers/CMSIS/Device/ST/STM32F1xx/Include -I../Drivers/CMSIS/Include -O0 -ffunction-sections -fdata-sections -Wall -fstack-usage -MMD -MP -MF"Drivers/STM32F1xx_HAL_Driver/Src/stm32f1xx_hal_cortex.d" -MT"Drivers/STM32F1xx_HAL_Driver/Src/stm32f1xx_hal_cortex.o" --specs=nano.specs -mfloat-abi=soft -mthumb -o "Drivers/STM32F1xx_HAL_Driver/Src/stm32f1xx_hal_cortex.o"
arm-none-eabi-gcc "../Drivers/STM32F1xx_HAL_Driver/Src/stm32f1xx_hal_dma.c" -mcpu=cortex-m3 -std=gnu11 -g3 -DDEBUG -DUSE_HAL_DRIVER -DSTM32F103x6 -c -I../Core/Inc -I../Drivers/STM32F1xx_HAL_Driver/Inc -I../Drivers/STM32F1xx_HAL_Driver/Inc/Legacy -I../Drivers/CMSIS/Device/ST/STM32F1xx/Include -I../Drivers/CMSIS/Include -O0 -ffunction-sections -fdata-sections -Wall -fstack-usage -MMD -MP -MF"Drivers/STM32F1xx_HAL_Driver/Src/stm32f1xx_hal_dma.d" -MT"Drivers/STM32F1xx_HAL_Driver/Src/stm32f1xx_hal_dma.o" --specs=nano.specs -mfloat-abi=soft -mthumb -o "Drivers/STM32F1xx_HAL_Driver/Src/stm32f1xx_hal_dma.o"
arm-none-eabi-gcc "../Drivers/STM32F1xx_HAL_Driver/Src/stm32f1xx_hal_exti.c" -mcpu=cortex-m3 -std=gnu11 -g3 -DDEBUG -DUSE_HAL_DRIVER -DSTM32F103x6 -c -I../Core/Inc -I../Drivers/STM32F1xx_HAL_Driver/Inc -I../Drivers/STM32F1xx_HAL_Driver/Inc/Legacy -I../Drivers/CMSIS/Device/ST/STM32F1xx/Include -I../Drivers/CMSIS/Include -O0 -ffunction-sections -fdata-sections -Wall -fstack-usage -MMD -MP -MF"Drivers/STM32F1xx_HAL_Driver/Src/stm32f1xx_hal_exti.d" -MT"Drivers/STM32F1xx_HAL_Driver/Src/stm32f1xx_hal_exti.o" --specs=nano.specs -mfloat-abi=soft -mthumb -o "Drivers/STM32F1xx_HAL_Driver/Src/stm32f1xx_hal_exti.o"
arm-none-eabi-gcc "../Drivers/STM32F1xx_HAL_Driver/Src/stm32f1xx_hal_flash.c" -mcpu=cortex-m3 -std=gnu11 -g3 -DDEBUG -DUSE_HAL_DRIVER -DSTM32F103x6 -c -I../Core/Inc -I../Drivers/STM32F1xx_HAL_Driver/Inc -I../Drivers/STM32F1xx_HAL_Driver/Inc/Legacy -I../Drivers/CMSIS/Device/ST/STM32F1xx/Include -I../Drivers/CMSIS/Include -O0 -ffunction-sections -fdata-sections -Wall -fstack-usage -MMD -MP -MF"Drivers/STM32F1xx_HAL_Driver/Src/stm32f1xx_hal_flash.d" -MT"Drivers/STM32F1xx_HAL_Driver/Src/stm32f1xx_hal_flash.o" --specs=nano.specs -mfloat-abi=soft -mthumb -o "Drivers/STM32F1xx_HAL_Driver/Src/stm32f1xx_hal_flash.o"
arm-none-eabi-gcc "../Drivers/STM32F1xx_HAL_Driver/Src/stm32f1xx_hal_flash_ex.c" -mcpu=cortex-m3 -std=gnu11 -g3 -DDEBUG -DUSE_HAL_DRIVER -DSTM32F103x6 -c -I../Core/Inc -I../Drivers/STM32F1xx_HAL_Driver/Inc -I../Drivers/STM32F1xx_HAL_Driver/Inc/Legacy -I../Drivers/CMSIS/Device/ST/STM32F1xx/Include -I../Drivers/CMSIS/Include -O0 -ffunction-sections -fdata-sections -Wall -fstack-usage -MMD -MP -MF"Drivers/STM32F1xx_HAL_Driver/Src/stm32f1xx_hal_flash_ex.d" -MT"Drivers/STM32F1xx_HAL_Driver/Src/stm32f1xx_hal_flash_ex.o" --specs=nano.specs -mfloat-abi=soft -mthumb -o "Drivers/STM32F1xx_HAL_Driver/Src/stm32f1xx_hal_flash_ex.o"
arm-none-eabi-gcc "../Drivers/STM32F1xx_HAL_Driver/Src/stm32f1xx_hal_gpio.c" -mcpu=cortex-m3 -std=gnu11 -g3 -DDEBUG -DUSE_HAL_DRIVER -DSTM32F103x6 -c -I../Core/Inc -I../Drivers/STM32F1xx_HAL_Driver/Inc -I../Drivers/STM32F1xx_HAL_Driver/Inc/Legacy -I../Drivers/CMSIS/Device/ST/STM32F1xx/Include -I../Drivers/CMSIS/Include -O0 -ffunction-sections -fdata-sections -Wall -fstack-usage -MMD -MP -MF"Drivers/STM32F1xx_HAL_Driver/Src/stm32f1xx_hal_gpio.d" -MT"Drivers/STM32F1xx_HAL_Driver/Src/stm32f1xx_hal_gpio.o" --specs=nano.specs -mfloat-abi=soft -mthumb -o "Drivers/STM32F1xx_HAL_Driver/Src/stm32f1xx_hal_gpio.o"
arm-none-eabi-gcc "../Drivers/STM32F1xx_HAL_Driver/Src/stm32f1xx_hal_gpio_ex.c" -mcpu=cortex-m3 -std=gnu11 -g3 -DDEBUG -DUSE_HAL_DRIVER -DSTM32F103x6 -c -I../Core/Inc -I../Drivers/STM32F1xx_HAL_Driver/Inc -I../Drivers/STM32F1xx_HAL_Driver/Inc/Legacy -I../Drivers/CMSIS/Device/ST/STM32F1xx/Include -I../Drivers/CMSIS/Include -O0 -ffunction-sections -fdata-sections -Wall -fstack-usage -MMD -MP -MF"Drivers/STM32F1xx_HAL_Driver/Src/stm32f1xx_hal_gpio_ex.d" -MT"Drivers/STM32F1xx_HAL_Driver/Src/stm32f1xx_hal_gpio_ex.o" --specs=nano.specs -mfloat-abi=soft -mthumb -o "Drivers/STM32F1xx_HAL_Driver/Src/stm32f1xx_hal_gpio_ex.o"
arm-none-eabi-gcc "../Drivers/STM32F1xx_HAL_Driver/Src/stm32f1xx_hal_pwr.c" -mcpu=cortex-m3 -std=gnu11 -g3 -DDEBUG -DUSE_HAL_DRIVER -DSTM32F103x6 -c -I../Core/Inc -I../Drivers/STM32F1xx_HAL_Driver/Inc -I../Drivers/STM32F1xx_HAL_Driver/Inc/Legacy -I../Drivers/CMSIS/Device/ST/STM32F1xx/Include -I../Drivers/CMSIS/Include -O0 -ffunction-sections -fdata-sections -Wall -fstack-usage -MMD -MP -MF"Drivers/STM32F1xx_HAL_Driver/Src/stm32f1xx_hal_pwr.d" -MT"Drivers/STM32F1xx_HAL_Driver/Src/stm32f1xx_hal_pwr.o" --specs=nano.specs -mfloat-abi=soft -mthumb -o "Drivers/STM32F1xx_HAL_Driver/Src/stm32f1xx_hal_pwr.o"
arm-none-eabi-gcc "../Drivers/STM32F1xx_HAL_Driver/Src/stm32f1xx_hal_rcc.c" -mcpu=cortex-m3 -std=gnu11 -g3 -DDEBUG -DUSE_HAL_DRIVER -DSTM32F103x6 -c -I../Core/Inc -I../Drivers/STM32F1xx_HAL_Driver/Inc -I../Drivers/STM32F1xx_HAL_Driver/Inc/Legacy -I../Drivers/CMSIS/Device/ST/STM32F1xx/Include -I../Drivers/CMSIS/Include -O0 -ffunction-sections -fdata-sections -Wall -fstack-usage -MMD -MP -MF"Drivers/STM32F1xx_HAL_Driver/Src/stm32f1xx_hal_rcc.d" -MT"Drivers/STM32F1xx_HAL_Driver/Src/stm32f1xx_hal_rcc.o" --specs=nano.specs -mfloat-abi=soft -mthumb -o "Drivers/STM32F1xx_HAL_Driver/Src/stm32f1xx_hal_rcc.o"
arm-none-eabi-gcc "../Drivers/STM32F1xx_HAL_Driver/Src/stm32f1xx_hal_rcc_ex.c" -mcpu=cortex-m3 -std=gnu11 -g3 -DDEBUG -DUSE_HAL_DRIVER -DSTM32F103x6 -c -I../Core/Inc -I../Drivers/STM32F1xx_HAL_Driver/Inc -I../Drivers/STM32F1xx_HAL_Driver/Inc/Legacy -I../Drivers/CMSIS/Device/ST/STM32F1xx/Include -I../Drivers/CMSIS/Include -O0 -ffunction-sections -fdata-sections -Wall -fstack-usage -MMD -MP -MF"Drivers/STM32F1xx_HAL_Driver/Src/stm32f1xx_hal_rcc_ex.d" -MT"Drivers/STM32F1xx_HAL_Driver/Src/stm32f1xx_hal_rcc_ex.o" --specs=nano.specs -mfloat-abi=soft -mthumb -o "Drivers/STM32F1xx_HAL_Driver/Src/stm32f1xx_hal_rcc_ex.o"
arm-none-eabi-gcc "../Drivers/STM32F1xx_HAL_Driver/Src/stm32f1xx_hal_tim.c" -mcpu=cortex-m3 -std=gnu11 -g3 -DDEBUG -DUSE_HAL_DRIVER -DSTM32F103x6 -c -I../Core/Inc -I../Drivers/STM32F1xx_HAL_Driver/Inc -I../Drivers/STM32F1xx_HAL_Driver/Inc/Legacy -I../Drivers/CMSIS/Device/ST/STM32F1xx/Include -I../Drivers/CMSIS/Include -O0 -ffunction-sections -fdata-sections -Wall -fstack-usage -MMD -MP -MF"Drivers/STM32F1xx_HAL_Driver/Src/stm32f1xx_hal_tim.d" -MT"Drivers/STM32F1xx_HAL_Driver/Src/stm32f1xx_hal_tim.o" --specs=nano.specs -mfloat-abi=soft -mthumb -o "Drivers/STM32F1xx_HAL_Driver/Src/stm32f1xx_hal_tim.o"
arm-none-eabi-gcc "../Drivers/STM32F1xx_HAL_Driver/Src/stm32f1xx_hal_tim_ex.c" -mcpu=cortex-m3 -std=gnu11 -g3 -DDEBUG -DUSE_HAL_DRIVER -DSTM32F103x6 -c -I../Core/Inc -I../Drivers/STM32F1xx_HAL_Driver/Inc -I../Drivers/STM32F1xx_HAL_Driver/Inc/Legacy -I../Drivers/CMSIS/Device/ST/STM32F1xx/Include -I../Drivers/CMSIS/Include -O0 -ffunction-sections -fdata-sections -Wall -fstack-usage -MMD -MP -MF"Drivers/STM32F1xx_HAL_Driver/Src/stm32f1xx_hal_tim_ex.d" -MT"Drivers/STM32F1xx_HAL_Driver/Src/stm32f1xx_hal_tim_ex.o" --specs=nano.specs -mfloat-abi=soft -mthumb -o "Drivers/STM32F1xx_HAL_Driver/Src/stm32f1xx_hal_tim_ex.o"
arm-none-eabi-gcc "../Core/Src/main.c" -mcpu=cortex-m3 -std=gnu11 -g3 -DDEBUG -DUSE_HAL_DRIVER -DSTM32F103x6 -c -I../Core/Inc -I../Drivers/STM32F1xx_HAL_Driver/Inc -I../Drivers/STM32F1xx_HAL_Driver/Inc/Legacy -I../Drivers/CMSIS/Device/ST/STM32F1xx/Include -I../Drivers/CMSIS/Include -O0 -ffunction-sections -fdata-sections -Wall -fstack-usage -MMD -MP -MF"Core/Src/main.d" -MT"Core/Src/main.o" --specs=nano.specs -mfloat-abi=soft -mthumb -o "Core/Src/main.o"
arm-none-eabi-gcc "../Core/Src/stm32f1xx_hal_msp.c" -mcpu=cortex-m3 -std=gnu11 -g3 -DDEBUG -DUSE_HAL_DRIVER -DSTM32F103x6 -c -I../Core/Inc -I../Drivers/STM32F1xx_HAL_Driver/Inc -I../Drivers/STM32F1xx_HAL_Driver/Inc/Legacy -I../Drivers/CMSIS/Device/ST/STM32F1xx/Include -I../Drivers/CMSIS/Include -O0 -ffunction-sections -fdata-sections -Wall -fstack-usage -MMD -MP -MF"Core/Src/stm32f1xx_hal_msp.d" -MT"Core/Src/stm32f1xx_hal_msp.o" --specs=nano.specs -mfloat-abi=soft -mthumb -o "Core/Src/stm32f1xx_hal_msp.o"
arm-none-eabi-gcc "../Core/Src/stm32f1xx_it.c" -mcpu=cortex-m3 -std=gnu11 -g3 -DDEBUG -DUSE_HAL_DRIVER -DSTM32F103x6 -c -I../Core/Inc -I../Drivers/STM32F1xx_HAL_Driver/Inc -I../Drivers/STM32F1xx_HAL_Driver/Inc/Legacy -I../Drivers/CMSIS/Device/ST/STM32F1xx/Include -I../Drivers/CMSIS/Include -O0 -ffunction-sections -fdata-sections -Wall -fstack-usage -MMD -MP -MF"Core/Src/stm32f1xx_it.d" -MT"Core/Src/stm32f1xx_it.o" --specs=nano.specs -mfloat-abi=soft -mthumb -o "Core/Src/stm32f1xx_it.o"
arm-none-eabi-gcc "../Core/Src/system_stm32f1xx.c" -mcpu=cortex-m3 -std=gnu11 -g3 -DDEBUG -DUSE_HAL_DRIVER -DSTM32F103x6 -c -I../Core/Inc -I../Drivers/STM32F1xx_HAL_Driver/Inc -I../Drivers/STM32F1xx_HAL_Driver/Inc/Legacy -I../Drivers/CMSIS/Device/ST/STM32F1xx/Include -I../Drivers/CMSIS/Include -O0 -ffunction-sections -fdata-sections -Wall -fstack-usage -MMD -MP -MF"Core/Src/system_stm32f1xx.d" -MT"Core/Src/system_stm32f1xx.o" --specs=nano.specs -mfloat-abi=soft -mthumb -o "Core/Src/system_stm32f1xx.o"
arm-none-eabi-gcc -o "Led_Animations.elf" @"objects.list"   -mcpu=cortex-m3 -T"C:\Users\Admin\STM32CubeIDE\workspace_1.7.0\Led_Animations\STM32F103C6UX_FLASH.ld" --specs=nosys.specs -Wl,-Map="Led_Animations.map" -Wl,--gc-sections -static --specs=nano.specs -mfloat-abi=soft -mthumb -Wl,--start-group -lc -lm -Wl,--end-group
Finished building target: Led_Animations.elf
 
arm-none-eabi-size   Led_Animations.elf 
arm-none-eabi-objdump -h -S  Led_Animations.elf  > "Led_Animations.list"
arm-none-eabi-objcopy  -O ihex  Led_Animations.elf  "Led_Animations.hex"
   text	   data	    bss	    dec	    hex	filename
   4888	     20	   1572	   6480	   1950	Led_Animations.elf
arm-none-eabi-objcopy  -O binary  Led_Animations.elf  "Led_Animations.bin"
Finished building: default.size.stdout
 
Finished building: Led_Animations.hex
 
Finished building: Led_Animations.bin
Finished building: Led_Animations.list
 
 
15:29:28 **** Incremental Build of configuration Debug for project Led_Animations ****
make -j22 all 
arm-none-eabi-gcc "../Drivers/STM32F1xx_HAL_Driver/Src/stm32f1xx_hal.c" -mcpu=cortex-m3 -std=gnu11 -g3 -DDEBUG -DUSE_HAL_DRIVER -DSTM32F103x6 -c -I../Core/Inc -I../Drivers/STM32F1xx_HAL_Driver/Inc -I../Drivers/STM32F1xx_HAL_Driver/Inc/Legacy -I../Drivers/CMSIS/Device/ST/STM32F1xx/Include -I../Drivers/CMSIS/Include -O0 -ffunction-sections -fdata-sections -Wall -fstack-usage -MMD -MP -MF"Drivers/STM32F1xx_HAL_Driver/Src/stm32f1xx_hal.d" -MT"Drivers/STM32F1xx_HAL_Driver/Src/stm32f1xx_hal.o" --specs=nano.specs -mfloat-abi=soft -mthumb -o "Drivers/STM32F1xx_HAL_Driver/Src/stm32f1xx_hal.o"
arm-none-eabi-gcc "../Drivers/STM32F1xx_HAL_Driver/Src/stm32f1xx_hal_cortex.c" -mcpu=cortex-m3 -std=gnu11 -g3 -DDEBUG -DUSE_HAL_DRIVER -DSTM32F103x6 -c -I../Core/Inc -I../Drivers/STM32F1xx_HAL_Driver/Inc -I../Drivers/STM32F1xx_HAL_Driver/Inc/Legacy -I../Drivers/CMSIS/Device/ST/STM32F1xx/Include -I../Drivers/CMSIS/Include -O0 -ffunction-sections -fdata-sections -Wall -fstack-usage -MMD -MP -MF"Drivers/STM32F1xx_HAL_Driver/Src/stm32f1xx_hal_cortex.d" -MT"Drivers/STM32F1xx_HAL_Driver/Src/stm32f1xx_hal_cortex.o" --specs=nano.specs -mfloat-abi=soft -mthumb -o "Drivers/STM32F1xx_HAL_Driver/Src/stm32f1xx_hal_cortex.o"
arm-none-eabi-gcc "../Drivers/STM32F1xx_HAL_Driver/Src/stm32f1xx_hal_dma.c" -mcpu=cortex-m3 -std=gnu11 -g3 -DDEBUG -DUSE_HAL_DRIVER -DSTM32F103x6 -c -I../Core/Inc -I../Drivers/STM32F1xx_HAL_Driver/Inc -I../Drivers/STM32F1xx_HAL_Driver/Inc/Legacy -I../Drivers/CMSIS/Device/ST/STM32F1xx/Include -I../Drivers/CMSIS/Include -O0 -ffunction-sections -fdata-sections -Wall -fstack-usage -MMD -MP -MF"Drivers/STM32F1xx_HAL_Driver/Src/stm32f1xx_hal_dma.d" -MT"Drivers/STM32F1xx_HAL_Driver/Src/stm32f1xx_hal_dma.o" --specs=nano.specs -mfloat-abi=soft -mthumb -o "Drivers/STM32F1xx_HAL_Driver/Src/stm32f1xx_hal_dma.o"
arm-none-eabi-gcc "../Drivers/STM32F1xx_HAL_Driver/Src/stm32f1xx_hal_exti.c" -mcpu=cortex-m3 -std=gnu11 -g3 -DDEBUG -DUSE_HAL_DRIVER -DSTM32F103x6 -c -I../Core/Inc -I../Drivers/STM32F1xx_HAL_Driver/Inc -I../Drivers/STM32F1xx_HAL_Driver/Inc/Legacy -I../Drivers/CMSIS/Device/ST/STM32F1xx/Include -I../Drivers/CMSIS/Include -O0 -ffunction-sections -fdata-sections -Wall -fstack-usage -MMD -MP -MF"Drivers/STM32F1xx_HAL_Driver/Src/stm32f1xx_hal_exti.d" -MT"Drivers/STM32F1xx_HAL_Driver/Src/stm32f1xx_hal_exti.o" --specs=nano.specs -mfloat-abi=soft -mthumb -o "Drivers/STM32F1xx_HAL_Driver/Src/stm32f1xx_hal_exti.o"
arm-none-eabi-gcc "../Drivers/STM32F1xx_HAL_Driver/Src/stm32f1xx_hal_flash.c" -mcpu=cortex-m3 -std=gnu11 -g3 -DDEBUG -DUSE_HAL_DRIVER -DSTM32F103x6 -c -I../Core/Inc -I../Drivers/STM32F1xx_HAL_Driver/Inc -I../Drivers/STM32F1xx_HAL_Driver/Inc/Legacy -I../Drivers/CMSIS/Device/ST/STM32F1xx/Include -I../Drivers/CMSIS/Include -O0 -ffunction-sections -fdata-sections -Wall -fstack-usage -MMD -MP -MF"Drivers/STM32F1xx_HAL_Driver/Src/stm32f1xx_hal_flash.d" -MT"Drivers/STM32F1xx_HAL_Driver/Src/stm32f1xx_hal_flash.o" --specs=nano.specs -mfloat-abi=soft -mthumb -o "Drivers/STM32F1xx_HAL_Driver/Src/stm32f1xx_hal_flash.o"
arm-none-eabi-gcc "../Drivers/STM32F1xx_HAL_Driver/Src/stm32f1xx_hal_flash_ex.c" -mcpu=cortex-m3 -std=gnu11 -g3 -DDEBUG -DUSE_HAL_DRIVER -DSTM32F103x6 -c -I../Core/Inc -I../Drivers/STM32F1xx_HAL_Driver/Inc -I../Drivers/STM32F1xx_HAL_Driver/Inc/Legacy -I../Drivers/CMSIS/Device/ST/STM32F1xx/Include -I../Drivers/CMSIS/Include -O0 -ffunction-sections -fdata-sections -Wall -fstack-usage -MMD -MP -MF"Drivers/STM32F1xx_HAL_Driver/Src/stm32f1xx_hal_flash_ex.d" -MT"Drivers/STM32F1xx_HAL_Driver/Src/stm32f1xx_hal_flash_ex.o" --specs=nano.specs -mfloat-abi=soft -mthumb -o "Drivers/STM32F1xx_HAL_Driver/Src/stm32f1xx_hal_flash_ex.o"
arm-none-eabi-gcc "../Drivers/STM32F1xx_HAL_Driver/Src/stm32f1xx_hal_gpio.c" -mcpu=cortex-m3 -std=gnu11 -g3 -DDEBUG -DUSE_HAL_DRIVER -DSTM32F103x6 -c -I../Core/Inc -I../Drivers/STM32F1xx_HAL_Driver/Inc -I../Drivers/STM32F1xx_HAL_Driver/Inc/Legacy -I../Drivers/CMSIS/Device/ST/STM32F1xx/Include -I../Drivers/CMSIS/Include -O0 -ffunction-sections -fdata-sections -Wall -fstack-usage -MMD -MP -MF"Drivers/STM32F1xx_HAL_Driver/Src/stm32f1xx_hal_gpio.d" -MT"Drivers/STM32F1xx_HAL_Driver/Src/stm32f1xx_hal_gpio.o" --specs=nano.specs -mfloat-abi=soft -mthumb -o "Drivers/STM32F1xx_HAL_Driver/Src/stm32f1xx_hal_gpio.o"
arm-none-eabi-gcc "../Drivers/STM32F1xx_HAL_Driver/Src/stm32f1xx_hal_gpio_ex.c" -mcpu=cortex-m3 -std=gnu11 -g3 -DDEBUG -DUSE_HAL_DRIVER -DSTM32F103x6 -c -I../Core/Inc -I../Drivers/STM32F1xx_HAL_Driver/Inc -I../Drivers/STM32F1xx_HAL_Driver/Inc/Legacy -I../Drivers/CMSIS/Device/ST/STM32F1xx/Include -I../Drivers/CMSIS/Include -O0 -ffunction-sections -fdata-sections -Wall -fstack-usage -MMD -MP -MF"Drivers/STM32F1xx_HAL_Driver/Src/stm32f1xx_hal_gpio_ex.d" -MT"Drivers/STM32F1xx_HAL_Driver/Src/stm32f1xx_hal_gpio_ex.o" --specs=nano.specs -mfloat-abi=soft -mthumb -o "Drivers/STM32F1xx_HAL_Driver/Src/stm32f1xx_hal_gpio_ex.o"
arm-none-eabi-gcc "../Drivers/STM32F1xx_HAL_Driver/Src/stm32f1xx_hal_pwr.c" -mcpu=cortex-m3 -std=gnu11 -g3 -DDEBUG -DUSE_HAL_DRIVER -DSTM32F103x6 -c -I../Core/Inc -I../Drivers/STM32F1xx_HAL_Driver/Inc -I../Drivers/STM32F1xx_HAL_Driver/Inc/Legacy -I../Drivers/CMSIS/Device/ST/STM32F1xx/Include -I../Drivers/CMSIS/Include -O0 -ffunction-sections -fdata-sections -Wall -fstack-usage -MMD -MP -MF"Drivers/STM32F1xx_HAL_Driver/Src/stm32f1xx_hal_pwr.d" -MT"Drivers/STM32F1xx_HAL_Driver/Src/stm32f1xx_hal_pwr.o" --specs=nano.specs -mfloat-abi=soft -mthumb -o "Drivers/STM32F1xx_HAL_Driver/Src/stm32f1xx_hal_pwr.o"
arm-none-eabi-gcc "../Drivers/STM32F1xx_HAL_Driver/Src/stm32f1xx_hal_rcc.c" -mcpu=cortex-m3 -std=gnu11 -g3 -DDEBUG -DUSE_HAL_DRIVER -DSTM32F103x6 -c -I../Core/Inc -I../Drivers/STM32F1xx_HAL_Driver/Inc -I../Drivers/STM32F1xx_HAL_Driver/Inc/Legacy -I../Drivers/CMSIS/Device/ST/STM32F1xx/Include -I../Drivers/CMSIS/Include -O0 -ffunction-sections -fdata-sections -Wall -fstack-usage -MMD -MP -MF"Drivers/STM32F1xx_HAL_Driver/Src/stm32f1xx_hal_rcc.d" -MT"Drivers/STM32F1xx_HAL_Driver/Src/stm32f1xx_hal_rcc.o" --specs=nano.specs -mfloat-abi=soft -mthumb -o "Drivers/STM32F1xx_HAL_Driver/Src/stm32f1xx_hal_rcc.o"
arm-none-eabi-gcc "../Drivers/STM32F1xx_HAL_Driver/Src/stm32f1xx_hal_rcc_ex.c" -mcpu=cortex-m3 -std=gnu11 -g3 -DDEBUG -DUSE_HAL_DRIVER -DSTM32F103x6 -c -I../Core/Inc -I../Drivers/STM32F1xx_HAL_Driver/Inc -I../Drivers/STM32F1xx_HAL_Driver/Inc/Legacy -I../Drivers/CMSIS/Device/ST/STM32F1xx/Include -I../Drivers/CMSIS/Include -O0 -ffunction-sections -fdata-sections -Wall -fstack-usage -MMD -MP -MF"Drivers/STM32F1xx_HAL_Driver/Src/stm32f1xx_hal_rcc_ex.d" -MT"Drivers/STM32F1xx_HAL_Driver/Src/stm32f1xx_hal_rcc_ex.o" --specs=nano.specs -mfloat-abi=soft -mthumb -o "Drivers/STM32F1xx_HAL_Driver/Src/stm32f1xx_hal_rcc_ex.o"
arm-none-eabi-gcc "../Drivers/STM32F1xx_HAL_Driver/Src/stm32f1xx_hal_tim.c" -mcpu=cortex-m3 -std=gnu11 -g3 -DDEBUG -DUSE_HAL_DRIVER -DSTM32F103x6 -c -I../Core/Inc -I../Drivers/STM32F1xx_HAL_Driver/Inc -I../Drivers/STM32F1xx_HAL_Driver/Inc/Legacy -I../Drivers/CMSIS/Device/ST/STM32F1xx/Include -I../Drivers/CMSIS/Include -O0 -ffunction-sections -fdata-sections -Wall -fstack-usage -MMD -MP -MF"Drivers/STM32F1xx_HAL_Driver/Src/stm32f1xx_hal_tim.d" -MT"Drivers/STM32F1xx_HAL_Driver/Src/stm32f1xx_hal_tim.o" --specs=nano.specs -mfloat-abi=soft -mthumb -o "Drivers/STM32F1xx_HAL_Driver/Src/stm32f1xx_hal_tim.o"
arm-none-eabi-gcc "../Drivers/STM32F1xx_HAL_Driver/Src/stm32f1xx_hal_tim_ex.c" -mcpu=cortex-m3 -std=gnu11 -g3 -DDEBUG -DUSE_HAL_DRIVER -DSTM32F103x6 -c -I../Core/Inc -I../Drivers/STM32F1xx_HAL_Driver/Inc -I../Drivers/STM32F1xx_HAL_Driver/Inc/Legacy -I../Drivers/CMSIS/Device/ST/STM32F1xx/Include -I../Drivers/CMSIS/Include -O0 -ffunction-sections -fdata-sections -Wall -fstack-usage -MMD -MP -MF"Drivers/STM32F1xx_HAL_Driver/Src/stm32f1xx_hal_tim_ex.d" -MT"Drivers/STM32F1xx_HAL_Driver/Src/stm32f1xx_hal_tim_ex.o" --specs=nano.specs -mfloat-abi=soft -mthumb -o "Drivers/STM32F1xx_HAL_Driver/Src/stm32f1xx_hal_tim_ex.o"
arm-none-eabi-gcc "../Core/Src/main.c" -mcpu=cortex-m3 -std=gnu11 -g3 -DDEBUG -DUSE_HAL_DRIVER -DSTM32F103x6 -c -I../Core/Inc -I../Drivers/STM32F1xx_HAL_Driver/Inc -I../Drivers/STM32F1xx_HAL_Driver/Inc/Legacy -I../Drivers/CMSIS/Device/ST/STM32F1xx/Include -I../Drivers/CMSIS/Include -O0 -ffunction-sections -fdata-sections -Wall -fstack-usage -MMD -MP -MF"Core/Src/main.d" -MT"Core/Src/main.o" --specs=nano.specs -mfloat-abi=soft -mthumb -o "Core/Src/main.o"
arm-none-eabi-gcc "../Core/Src/stm32f1xx_hal_msp.c" -mcpu=cortex-m3 -std=gnu11 -g3 -DDEBUG -DUSE_HAL_DRIVER -DSTM32F103x6 -c -I../Core/Inc -I../Drivers/STM32F1xx_HAL_Driver/Inc -I../Drivers/STM32F1xx_HAL_Driver/Inc/Legacy -I../Drivers/CMSIS/Device/ST/STM32F1xx/Include -I../Drivers/CMSIS/Include -O0 -ffunction-sections -fdata-sections -Wall -fstack-usage -MMD -MP -MF"Core/Src/stm32f1xx_hal_msp.d" -MT"Core/Src/stm32f1xx_hal_msp.o" --specs=nano.specs -mfloat-abi=soft -mthumb -o "Core/Src/stm32f1xx_hal_msp.o"
arm-none-eabi-gcc "../Core/Src/stm32f1xx_it.c" -mcpu=cortex-m3 -std=gnu11 -g3 -DDEBUG -DUSE_HAL_DRIVER -DSTM32F103x6 -c -I../Core/Inc -I../Drivers/STM32F1xx_HAL_Driver/Inc -I../Drivers/STM32F1xx_HAL_Driver/Inc/Legacy -I../Drivers/CMSIS/Device/ST/STM32F1xx/Include -I../Drivers/CMSIS/Include -O0 -ffunction-sections -fdata-sections -Wall -fstack-usage -MMD -MP -MF"Core/Src/stm32f1xx_it.d" -MT"Core/Src/stm32f1xx_it.o" --specs=nano.specs -mfloat-abi=soft -mthumb -o "Core/Src/stm32f1xx_it.o"
arm-none-eabi-gcc "../Core/Src/system_stm32f1xx.c" -mcpu=cortex-m3 -std=gnu11 -g3 -DDEBUG -DUSE_HAL_DRIVER -DSTM32F103x6 -c -I../Core/Inc -I../Drivers/STM32F1xx_HAL_Driver/Inc -I../Drivers/STM32F1xx_HAL_Driver/Inc/Legacy -I../Drivers/CMSIS/Device/ST/STM32F1xx/Include -I../Drivers/CMSIS/Include -O0 -ffunction-sections -fdata-sections -Wall -fstack-usage -MMD -MP -MF"Core/Src/system_stm32f1xx.d" -MT"Core/Src/system_stm32f1xx.o" --specs=nano.specs -mfloat-abi=soft -mthumb -o "Core/Src/system_stm32f1xx.o"
arm-none-eabi-gcc -o "Led_Animations.elf" @"objects.list"   -mcpu=cortex-m3 -T"C:\Users\Admin\STM32CubeIDE\workspace_1.7.0\Led_Animations\STM32F103C6UX_FLASH.ld" --specs=nosys.specs -Wl,-Map="Led_Animations.map" -Wl,--gc-sections -static --specs=nano.specs -mfloat-abi=soft -mthumb -Wl,--start-group -lc -lm -Wl,--end-group
Finished building target: Led_Animations.elf
 
arm-none-eabi-size   Led_Animations.elf 
arm-none-eabi-objdump -h -S  Led_Animations.elf  > "Led_Animations.list"
arm-none-eabi-objcopy  -O ihex  Led_Animations.elf  "Led_Animations.hex"
   text	   data	    bss	    dec	    hex	filename
   5092	     20	   1572	   6684	   1a1c	Led_Animations.elf
arm-none-eabi-objcopy  -O binary  Led_Animations.elf  "Led_Animations.bin"
Finished building: default.size.stdout
 
Finished building: Led_Animations.hex
Finished building: Led_Animations.bin
Finished building: Led_Animations.list
 
 
 
15:32:14 **** Incremental Build of configuration Debug for project Led_Animations ****
make -j22 all 
arm-none-eabi-gcc "../Core/Src/main.c" -mcpu=cortex-m3 -std=gnu11 -g3 -DDEBUG -DUSE_HAL_DRIVER -DSTM32F103x6 -c -I../Core/Inc -I../Drivers/STM32F1xx_HAL_Driver/Inc -I../Drivers/STM32F1xx_HAL_Driver/Inc/Legacy -I../Drivers/CMSIS/Device/ST/STM32F1xx/Include -I../Drivers/CMSIS/Include -O0 -ffunction-sections -fdata-sections -Wall -fstack-usage -MMD -MP -MF"Core/Src/main.d" -MT"Core/Src/main.o" --specs=nano.specs -mfloat-abi=soft -mthumb -o "Core/Src/main.o"
arm-none-eabi-gcc -o "Led_Animations.elf" @"objects.list"   -mcpu=cortex-m3 -T"C:\Users\Admin\STM32CubeIDE\workspace_1.7.0\Led_Animations\STM32F103C6UX_FLASH.ld" --specs=nosys.specs -Wl,-Map="Led_Animations.map" -Wl,--gc-sections -static --specs=nano.specs -mfloat-abi=soft -mthumb -Wl,--start-group -lc -lm -Wl,--end-group
Finished building target: Led_Animations.elf
 
arm-none-eabi-size   Led_Animations.elf 
arm-none-eabi-objdump -h -S  Led_Animations.elf  > "Led_Animations.list"
arm-none-eabi-objcopy  -O ihex  Led_Animations.elf  "Led_Animations.hex"
arm-none-eabi-objcopy  -O binary  Led_Animations.elf  "Led_Animations.bin"
   text	   data	    bss	    dec	    hex	filename
   5452	     20	   1572	   7044	   1b84	Led_Animations.elf
Finished building: default.size.stdout
 
Finished building: Led_Animations.hex
Finished building: Led_Animations.bin
 
 
Finished building: Led_Animations.list
 
15:34:08 **** Incremental Build of configuration Debug for project Led_Animations ****
make -j22 all 
arm-none-eabi-gcc "../Core/Src/main.c" -mcpu=cortex-m3 -std=gnu11 -g3 -DDEBUG -DUSE_HAL_DRIVER -DSTM32F103x6 -c -I../Core/Inc -I../Drivers/STM32F1xx_HAL_Driver/Inc -I../Drivers/STM32F1xx_HAL_Driver/Inc/Legacy -I../Drivers/CMSIS/Device/ST/STM32F1xx/Include -I../Drivers/CMSIS/Include -O0 -ffunction-sections -fdata-sections -Wall -fstack-usage -MMD -MP -MF"Core/Src/main.d" -MT"Core/Src/main.o" --specs=nano.specs -mfloat-abi=soft -mthumb -o "Core/Src/main.o"
arm-none-eabi-gcc -o "Led_Animations.elf" @"objects.list"   -mcpu=cortex-m3 -T"C:\Users\Admin\STM32CubeIDE\workspace_1.7.0\Led_Animations\STM32F103C6UX_FLASH.ld" --specs=nosys.specs -Wl,-Map="Led_Animations.map" -Wl,--gc-sections -static --specs=nano.specs -mfloat-abi=soft -mthumb -Wl,--start-group -lc -lm -Wl,--end-group
Finished building target: Led_Animations.elf
 
arm-none-eabi-size   Led_Animations.elf 
arm-none-eabi-objdump -h -S  Led_Animations.elf  > "Led_Animations.list"
arm-none-eabi-objcopy  -O ihex  Led_Animations.elf  "Led_Animations.hex"
   text	   data	    bss	    dec	    hex	filename
   5512	     20	   1572	   7104	   1bc0	Led_Animations.elf
arm-none-eabi-objcopy  -O binary  Led_Animations.elf  "Led_Animations.bin"
Finished building: default.size.stdout
 
Finished building: Led_Animations.hex
Finished building: Led_Animations.bin
 
Finished building: Led_Animations.list
 
 
15:41:51 **** Incremental Build of configuration Debug for project Led_Animations ****
make -j22 all 
arm-none-eabi-gcc "../Drivers/STM32F1xx_HAL_Driver/Src/stm32f1xx_hal.c" -mcpu=cortex-m3 -std=gnu11 -g3 -DDEBUG -DUSE_HAL_DRIVER -DSTM32F103x6 -c -I../Core/Inc -I../Drivers/STM32F1xx_HAL_Driver/Inc -I../Drivers/STM32F1xx_HAL_Driver/Inc/Legacy -I../Drivers/CMSIS/Device/ST/STM32F1xx/Include -I../Drivers/CMSIS/Include -O0 -ffunction-sections -fdata-sections -Wall -fstack-usage -MMD -MP -MF"Drivers/STM32F1xx_HAL_Driver/Src/stm32f1xx_hal.d" -MT"Drivers/STM32F1xx_HAL_Driver/Src/stm32f1xx_hal.o" --specs=nano.specs -mfloat-abi=soft -mthumb -o "Drivers/STM32F1xx_HAL_Driver/Src/stm32f1xx_hal.o"
arm-none-eabi-gcc "../Drivers/STM32F1xx_HAL_Driver/Src/stm32f1xx_hal_cortex.c" -mcpu=cortex-m3 -std=gnu11 -g3 -DDEBUG -DUSE_HAL_DRIVER -DSTM32F103x6 -c -I../Core/Inc -I../Drivers/STM32F1xx_HAL_Driver/Inc -I../Drivers/STM32F1xx_HAL_Driver/Inc/Legacy -I../Drivers/CMSIS/Device/ST/STM32F1xx/Include -I../Drivers/CMSIS/Include -O0 -ffunction-sections -fdata-sections -Wall -fstack-usage -MMD -MP -MF"Drivers/STM32F1xx_HAL_Driver/Src/stm32f1xx_hal_cortex.d" -MT"Drivers/STM32F1xx_HAL_Driver/Src/stm32f1xx_hal_cortex.o" --specs=nano.specs -mfloat-abi=soft -mthumb -o "Drivers/STM32F1xx_HAL_Driver/Src/stm32f1xx_hal_cortex.o"
arm-none-eabi-gcc "../Drivers/STM32F1xx_HAL_Driver/Src/stm32f1xx_hal_dma.c" -mcpu=cortex-m3 -std=gnu11 -g3 -DDEBUG -DUSE_HAL_DRIVER -DSTM32F103x6 -c -I../Core/Inc -I../Drivers/STM32F1xx_HAL_Driver/Inc -I../Drivers/STM32F1xx_HAL_Driver/Inc/Legacy -I../Drivers/CMSIS/Device/ST/STM32F1xx/Include -I../Drivers/CMSIS/Include -O0 -ffunction-sections -fdata-sections -Wall -fstack-usage -MMD -MP -MF"Drivers/STM32F1xx_HAL_Driver/Src/stm32f1xx_hal_dma.d" -MT"Drivers/STM32F1xx_HAL_Driver/Src/stm32f1xx_hal_dma.o" --specs=nano.specs -mfloat-abi=soft -mthumb -o "Drivers/STM32F1xx_HAL_Driver/Src/stm32f1xx_hal_dma.o"
arm-none-eabi-gcc "../Drivers/STM32F1xx_HAL_Driver/Src/stm32f1xx_hal_exti.c" -mcpu=cortex-m3 -std=gnu11 -g3 -DDEBUG -DUSE_HAL_DRIVER -DSTM32F103x6 -c -I../Core/Inc -I../Drivers/STM32F1xx_HAL_Driver/Inc -I../Drivers/STM32F1xx_HAL_Driver/Inc/Legacy -I../Drivers/CMSIS/Device/ST/STM32F1xx/Include -I../Drivers/CMSIS/Include -O0 -ffunction-sections -fdata-sections -Wall -fstack-usage -MMD -MP -MF"Drivers/STM32F1xx_HAL_Driver/Src/stm32f1xx_hal_exti.d" -MT"Drivers/STM32F1xx_HAL_Driver/Src/stm32f1xx_hal_exti.o" --specs=nano.specs -mfloat-abi=soft -mthumb -o "Drivers/STM32F1xx_HAL_Driver/Src/stm32f1xx_hal_exti.o"
arm-none-eabi-gcc "../Drivers/STM32F1xx_HAL_Driver/Src/stm32f1xx_hal_flash.c" -mcpu=cortex-m3 -std=gnu11 -g3 -DDEBUG -DUSE_HAL_DRIVER -DSTM32F103x6 -c -I../Core/Inc -I../Drivers/STM32F1xx_HAL_Driver/Inc -I../Drivers/STM32F1xx_HAL_Driver/Inc/Legacy -I../Drivers/CMSIS/Device/ST/STM32F1xx/Include -I../Drivers/CMSIS/Include -O0 -ffunction-sections -fdata-sections -Wall -fstack-usage -MMD -MP -MF"Drivers/STM32F1xx_HAL_Driver/Src/stm32f1xx_hal_flash.d" -MT"Drivers/STM32F1xx_HAL_Driver/Src/stm32f1xx_hal_flash.o" --specs=nano.specs -mfloat-abi=soft -mthumb -o "Drivers/STM32F1xx_HAL_Driver/Src/stm32f1xx_hal_flash.o"
arm-none-eabi-gcc "../Drivers/STM32F1xx_HAL_Driver/Src/stm32f1xx_hal_flash_ex.c" -mcpu=cortex-m3 -std=gnu11 -g3 -DDEBUG -DUSE_HAL_DRIVER -DSTM32F103x6 -c -I../Core/Inc -I../Drivers/STM32F1xx_HAL_Driver/Inc -I../Drivers/STM32F1xx_HAL_Driver/Inc/Legacy -I../Drivers/CMSIS/Device/ST/STM32F1xx/Include -I../Drivers/CMSIS/Include -O0 -ffunction-sections -fdata-sections -Wall -fstack-usage -MMD -MP -MF"Drivers/STM32F1xx_HAL_Driver/Src/stm32f1xx_hal_flash_ex.d" -MT"Drivers/STM32F1xx_HAL_Driver/Src/stm32f1xx_hal_flash_ex.o" --specs=nano.specs -mfloat-abi=soft -mthumb -o "Drivers/STM32F1xx_HAL_Driver/Src/stm32f1xx_hal_flash_ex.o"
arm-none-eabi-gcc "../Drivers/STM32F1xx_HAL_Driver/Src/stm32f1xx_hal_gpio.c" -mcpu=cortex-m3 -std=gnu11 -g3 -DDEBUG -DUSE_HAL_DRIVER -DSTM32F103x6 -c -I../Core/Inc -I../Drivers/STM32F1xx_HAL_Driver/Inc -I../Drivers/STM32F1xx_HAL_Driver/Inc/Legacy -I../Drivers/CMSIS/Device/ST/STM32F1xx/Include -I../Drivers/CMSIS/Include -O0 -ffunction-sections -fdata-sections -Wall -fstack-usage -MMD -MP -MF"Drivers/STM32F1xx_HAL_Driver/Src/stm32f1xx_hal_gpio.d" -MT"Drivers/STM32F1xx_HAL_Driver/Src/stm32f1xx_hal_gpio.o" --specs=nano.specs -mfloat-abi=soft -mthumb -o "Drivers/STM32F1xx_HAL_Driver/Src/stm32f1xx_hal_gpio.o"
arm-none-eabi-gcc "../Drivers/STM32F1xx_HAL_Driver/Src/stm32f1xx_hal_gpio_ex.c" -mcpu=cortex-m3 -std=gnu11 -g3 -DDEBUG -DUSE_HAL_DRIVER -DSTM32F103x6 -c -I../Core/Inc -I../Drivers/STM32F1xx_HAL_Driver/Inc -I../Drivers/STM32F1xx_HAL_Driver/Inc/Legacy -I../Drivers/CMSIS/Device/ST/STM32F1xx/Include -I../Drivers/CMSIS/Include -O0 -ffunction-sections -fdata-sections -Wall -fstack-usage -MMD -MP -MF"Drivers/STM32F1xx_HAL_Driver/Src/stm32f1xx_hal_gpio_ex.d" -MT"Drivers/STM32F1xx_HAL_Driver/Src/stm32f1xx_hal_gpio_ex.o" --specs=nano.specs -mfloat-abi=soft -mthumb -o "Drivers/STM32F1xx_HAL_Driver/Src/stm32f1xx_hal_gpio_ex.o"
arm-none-eabi-gcc "../Drivers/STM32F1xx_HAL_Driver/Src/stm32f1xx_hal_pwr.c" -mcpu=cortex-m3 -std=gnu11 -g3 -DDEBUG -DUSE_HAL_DRIVER -DSTM32F103x6 -c -I../Core/Inc -I../Drivers/STM32F1xx_HAL_Driver/Inc -I../Drivers/STM32F1xx_HAL_Driver/Inc/Legacy -I../Drivers/CMSIS/Device/ST/STM32F1xx/Include -I../Drivers/CMSIS/Include -O0 -ffunction-sections -fdata-sections -Wall -fstack-usage -MMD -MP -MF"Drivers/STM32F1xx_HAL_Driver/Src/stm32f1xx_hal_pwr.d" -MT"Drivers/STM32F1xx_HAL_Driver/Src/stm32f1xx_hal_pwr.o" --specs=nano.specs -mfloat-abi=soft -mthumb -o "Drivers/STM32F1xx_HAL_Driver/Src/stm32f1xx_hal_pwr.o"
arm-none-eabi-gcc "../Drivers/STM32F1xx_HAL_Driver/Src/stm32f1xx_hal_rcc.c" -mcpu=cortex-m3 -std=gnu11 -g3 -DDEBUG -DUSE_HAL_DRIVER -DSTM32F103x6 -c -I../Core/Inc -I../Drivers/STM32F1xx_HAL_Driver/Inc -I../Drivers/STM32F1xx_HAL_Driver/Inc/Legacy -I../Drivers/CMSIS/Device/ST/STM32F1xx/Include -I../Drivers/CMSIS/Include -O0 -ffunction-sections -fdata-sections -Wall -fstack-usage -MMD -MP -MF"Drivers/STM32F1xx_HAL_Driver/Src/stm32f1xx_hal_rcc.d" -MT"Drivers/STM32F1xx_HAL_Driver/Src/stm32f1xx_hal_rcc.o" --specs=nano.specs -mfloat-abi=soft -mthumb -o "Drivers/STM32F1xx_HAL_Driver/Src/stm32f1xx_hal_rcc.o"
arm-none-eabi-gcc "../Drivers/STM32F1xx_HAL_Driver/Src/stm32f1xx_hal_rcc_ex.c" -mcpu=cortex-m3 -std=gnu11 -g3 -DDEBUG -DUSE_HAL_DRIVER -DSTM32F103x6 -c -I../Core/Inc -I../Drivers/STM32F1xx_HAL_Driver/Inc -I../Drivers/STM32F1xx_HAL_Driver/Inc/Legacy -I../Drivers/CMSIS/Device/ST/STM32F1xx/Include -I../Drivers/CMSIS/Include -O0 -ffunction-sections -fdata-sections -Wall -fstack-usage -MMD -MP -MF"Drivers/STM32F1xx_HAL_Driver/Src/stm32f1xx_hal_rcc_ex.d" -MT"Drivers/STM32F1xx_HAL_Driver/Src/stm32f1xx_hal_rcc_ex.o" --specs=nano.specs -mfloat-abi=soft -mthumb -o "Drivers/STM32F1xx_HAL_Driver/Src/stm32f1xx_hal_rcc_ex.o"
arm-none-eabi-gcc "../Drivers/STM32F1xx_HAL_Driver/Src/stm32f1xx_hal_tim.c" -mcpu=cortex-m3 -std=gnu11 -g3 -DDEBUG -DUSE_HAL_DRIVER -DSTM32F103x6 -c -I../Core/Inc -I../Drivers/STM32F1xx_HAL_Driver/Inc -I../Drivers/STM32F1xx_HAL_Driver/Inc/Legacy -I../Drivers/CMSIS/Device/ST/STM32F1xx/Include -I../Drivers/CMSIS/Include -O0 -ffunction-sections -fdata-sections -Wall -fstack-usage -MMD -MP -MF"Drivers/STM32F1xx_HAL_Driver/Src/stm32f1xx_hal_tim.d" -MT"Drivers/STM32F1xx_HAL_Driver/Src/stm32f1xx_hal_tim.o" --specs=nano.specs -mfloat-abi=soft -mthumb -o "Drivers/STM32F1xx_HAL_Driver/Src/stm32f1xx_hal_tim.o"
arm-none-eabi-gcc "../Drivers/STM32F1xx_HAL_Driver/Src/stm32f1xx_hal_tim_ex.c" -mcpu=cortex-m3 -std=gnu11 -g3 -DDEBUG -DUSE_HAL_DRIVER -DSTM32F103x6 -c -I../Core/Inc -I../Drivers/STM32F1xx_HAL_Driver/Inc -I../Drivers/STM32F1xx_HAL_Driver/Inc/Legacy -I../Drivers/CMSIS/Device/ST/STM32F1xx/Include -I../Drivers/CMSIS/Include -O0 -ffunction-sections -fdata-sections -Wall -fstack-usage -MMD -MP -MF"Drivers/STM32F1xx_HAL_Driver/Src/stm32f1xx_hal_tim_ex.d" -MT"Drivers/STM32F1xx_HAL_Driver/Src/stm32f1xx_hal_tim_ex.o" --specs=nano.specs -mfloat-abi=soft -mthumb -o "Drivers/STM32F1xx_HAL_Driver/Src/stm32f1xx_hal_tim_ex.o"
arm-none-eabi-gcc "../Core/Src/main.c" -mcpu=cortex-m3 -std=gnu11 -g3 -DDEBUG -DUSE_HAL_DRIVER -DSTM32F103x6 -c -I../Core/Inc -I../Drivers/STM32F1xx_HAL_Driver/Inc -I../Drivers/STM32F1xx_HAL_Driver/Inc/Legacy -I../Drivers/CMSIS/Device/ST/STM32F1xx/Include -I../Drivers/CMSIS/Include -O0 -ffunction-sections -fdata-sections -Wall -fstack-usage -MMD -MP -MF"Core/Src/main.d" -MT"Core/Src/main.o" --specs=nano.specs -mfloat-abi=soft -mthumb -o "Core/Src/main.o"
arm-none-eabi-gcc "../Core/Src/stm32f1xx_hal_msp.c" -mcpu=cortex-m3 -std=gnu11 -g3 -DDEBUG -DUSE_HAL_DRIVER -DSTM32F103x6 -c -I../Core/Inc -I../Drivers/STM32F1xx_HAL_Driver/Inc -I../Drivers/STM32F1xx_HAL_Driver/Inc/Legacy -I../Drivers/CMSIS/Device/ST/STM32F1xx/Include -I../Drivers/CMSIS/Include -O0 -ffunction-sections -fdata-sections -Wall -fstack-usage -MMD -MP -MF"Core/Src/stm32f1xx_hal_msp.d" -MT"Core/Src/stm32f1xx_hal_msp.o" --specs=nano.specs -mfloat-abi=soft -mthumb -o "Core/Src/stm32f1xx_hal_msp.o"
arm-none-eabi-gcc "../Core/Src/stm32f1xx_it.c" -mcpu=cortex-m3 -std=gnu11 -g3 -DDEBUG -DUSE_HAL_DRIVER -DSTM32F103x6 -c -I../Core/Inc -I../Drivers/STM32F1xx_HAL_Driver/Inc -I../Drivers/STM32F1xx_HAL_Driver/Inc/Legacy -I../Drivers/CMSIS/Device/ST/STM32F1xx/Include -I../Drivers/CMSIS/Include -O0 -ffunction-sections -fdata-sections -Wall -fstack-usage -MMD -MP -MF"Core/Src/stm32f1xx_it.d" -MT"Core/Src/stm32f1xx_it.o" --specs=nano.specs -mfloat-abi=soft -mthumb -o "Core/Src/stm32f1xx_it.o"
arm-none-eabi-gcc "../Core/Src/system_stm32f1xx.c" -mcpu=cortex-m3 -std=gnu11 -g3 -DDEBUG -DUSE_HAL_DRIVER -DSTM32F103x6 -c -I../Core/Inc -I../Drivers/STM32F1xx_HAL_Driver/Inc -I../Drivers/STM32F1xx_HAL_Driver/Inc/Legacy -I../Drivers/CMSIS/Device/ST/STM32F1xx/Include -I../Drivers/CMSIS/Include -O0 -ffunction-sections -fdata-sections -Wall -fstack-usage -MMD -MP -MF"Core/Src/system_stm32f1xx.d" -MT"Core/Src/system_stm32f1xx.o" --specs=nano.specs -mfloat-abi=soft -mthumb -o "Core/Src/system_stm32f1xx.o"
arm-none-eabi-gcc -o "Led_Animations.elf" @"objects.list"   -mcpu=cortex-m3 -T"C:\Users\Admin\STM32CubeIDE\workspace_1.7.0\Led_Animations\STM32F103C6UX_FLASH.ld" --specs=nosys.specs -Wl,-Map="Led_Animations.map" -Wl,--gc-sections -static --specs=nano.specs -mfloat-abi=soft -mthumb -Wl,--start-group -lc -lm -Wl,--end-group
Finished building target: Led_Animations.elf
 
arm-none-eabi-size   Led_Animations.elf 
arm-none-eabi-objdump -h -S  Led_Animations.elf  > "Led_Animations.list"
arm-none-eabi-objcopy  -O ihex  Led_Animations.elf  "Led_Animations.hex"
   text	   data	    bss	    dec	    hex	filename
   5512	     20	   1572	   7104	   1bc0	Led_Animations.elf
arm-none-eabi-objcopy  -O binary  Led_Animations.elf  "Led_Animations.bin"
Finished building: default.size.stdout
 
Finished building: Led_Animations.hex
Finished building: Led_Animations.bin
Finished building: Led_Animations.list
 
 
 
15:43:45 **** Incremental Build of configuration Debug for project Led_Animations ****
make -j22 all 
arm-none-eabi-gcc "../Core/Src/main.c" -mcpu=cortex-m3 -std=gnu11 -g3 -DDEBUG -DUSE_HAL_DRIVER -DSTM32F103x6 -c -I../Core/Inc -I../Drivers/STM32F1xx_HAL_Driver/Inc -I../Drivers/STM32F1xx_HAL_Driver/Inc/Legacy -I../Drivers/CMSIS/Device/ST/STM32F1xx/Include -I../Drivers/CMSIS/Include -O0 -ffunction-sections -fdata-sections -Wall -fstack-usage -MMD -MP -MF"Core/Src/main.d" -MT"Core/Src/main.o" --specs=nano.specs -mfloat-abi=soft -mthumb -o "Core/Src/main.o"
arm-none-eabi-gcc -o "Led_Animations.elf" @"objects.list"   -mcpu=cortex-m3 -T"C:\Users\Admin\STM32CubeIDE\workspace_1.7.0\Led_Animations\STM32F103C6UX_FLASH.ld" --specs=nosys.specs -Wl,-Map="Led_Animations.map" -Wl,--gc-sections -static --specs=nano.specs -mfloat-abi=soft -mthumb -Wl,--start-group -lc -lm -Wl,--end-group
Finished building target: Led_Animations.elf
 
arm-none-eabi-size   Led_Animations.elf 
arm-none-eabi-objdump -h -S  Led_Animations.elf  > "Led_Animations.list"
arm-none-eabi-objcopy  -O ihex  Led_Animations.elf  "Led_Animations.hex"
arm-none-eabi-objcopy  -O binary  Led_Animations.elf  "Led_Animations.bin"
   text	   data	    bss	    dec	    hex	filename
   5540	     20	   1572	   7132	   1bdc	Led_Animations.elf
Finished building: default.size.stdout
 
Finished building: Led_Animations.hex
Finished building: Led_Animations.bin
 
Finished building: Led_Animations.list
 
 
15:44:26 **** Incremental Build of configuration Debug for project Led_Animations ****
make -j22 all 
arm-none-eabi-size   Led_Animations.elf 
   text	   data	    bss	    dec	    hex	filename
   5540	     20	   1572	   7132	   1bdc	Led_Animations.elf
Finished building: default.size.stdout
 
15:47:35 **** Incremental Build of configuration Debug for project Led_Animations ****
make -j22 all 
arm-none-eabi-gcc "../Core/Src/main.c" -mcpu=cortex-m3 -std=gnu11 -g3 -DDEBUG -DUSE_HAL_DRIVER -DSTM32F103x6 -c -I../Core/Inc -I../Drivers/STM32F1xx_HAL_Driver/Inc -I../Drivers/STM32F1xx_HAL_Driver/Inc/Legacy -I../Drivers/CMSIS/Device/ST/STM32F1xx/Include -I../Drivers/CMSIS/Include -O0 -ffunction-sections -fdata-sections -Wall -fstack-usage -MMD -MP -MF"Core/Src/main.d" -MT"Core/Src/main.o" --specs=nano.specs -mfloat-abi=soft -mthumb -o "Core/Src/main.o"
../Core/Src/main.c: In function 'allOff':
../Core/Src/main.c:33:14: error: 'N_RED_GPIO_Port' undeclared (first use in this function); did you mean 'a_Pin_GPIO_Port'?
   33 |     setLight(N_RED_GPIO_Port, N_RED_Pin, GPIO_PIN_RESET);
      |              ^~~~~~~~~~~~~~~
      |              a_Pin_GPIO_Port
../Core/Src/main.c:33:14: note: each undeclared identifier is reported only once for each function it appears in
../Core/Src/main.c:33:31: error: 'N_RED_Pin' undeclared (first use in this function)
   33 |     setLight(N_RED_GPIO_Port, N_RED_Pin, GPIO_PIN_RESET);
      |                               ^~~~~~~~~
../Core/Src/main.c:34:14: error: 'N_YELLOW_GPIO_Port' undeclared (first use in this function)
   34 |     setLight(N_YELLOW_GPIO_Port, N_YELLOW_Pin, GPIO_PIN_RESET);
      |              ^~~~~~~~~~~~~~~~~~
../Core/Src/main.c:34:34: error: 'N_YELLOW_Pin' undeclared (first use in this function)
   34 |     setLight(N_YELLOW_GPIO_Port, N_YELLOW_Pin, GPIO_PIN_RESET);
      |                                  ^~~~~~~~~~~~
../Core/Src/main.c:35:14: error: 'N_GREEN_GPIO_Port' undeclared (first use in this function); did you mean 'a_Pin_GPIO_Port'?
   35 |     setLight(N_GREEN_GPIO_Port, N_GREEN_Pin, GPIO_PIN_RESET);
      |              ^~~~~~~~~~~~~~~~~
      |              a_Pin_GPIO_Port
../Core/Src/main.c:35:33: error: 'N_GREEN_Pin' undeclared (first use in this function)
   35 |     setLight(N_GREEN_GPIO_Port, N_GREEN_Pin, GPIO_PIN_RESET);
      |                                 ^~~~~~~~~~~
../Core/Src/main.c:37:14: error: 'S_RED_GPIO_Port' undeclared (first use in this function); did you mean 'a_Pin_GPIO_Port'?
   37 |     setLight(S_RED_GPIO_Port, S_RED_Pin, GPIO_PIN_RESET);
      |              ^~~~~~~~~~~~~~~
      |              a_Pin_GPIO_Port
../Core/Src/main.c:37:31: error: 'S_RED_Pin' undeclared (first use in this function)
   37 |     setLight(S_RED_GPIO_Port, S_RED_Pin, GPIO_PIN_RESET);
      |                               ^~~~~~~~~
../Core/Src/main.c:38:14: error: 'S_YELLOW_GPIO_Port' undeclared (first use in this function)
   38 |     setLight(S_YELLOW_GPIO_Port, S_YELLOW_Pin, GPIO_PIN_RESET);
      |              ^~~~~~~~~~~~~~~~~~
../Core/Src/main.c:38:34: error: 'S_YELLOW_Pin' undeclared (first use in this function)
   38 |     setLight(S_YELLOW_GPIO_Port, S_YELLOW_Pin, GPIO_PIN_RESET);
      |                                  ^~~~~~~~~~~~
../Core/Src/main.c:39:14: error: 'S_GREEN_GPIO_Port' undeclared (first use in this function); did you mean 'a_Pin_GPIO_Port'?
   39 |     setLight(S_GREEN_GPIO_Port, S_GREEN_Pin, GPIO_PIN_RESET);
      |              ^~~~~~~~~~~~~~~~~
      |              a_Pin_GPIO_Port
../Core/Src/main.c:39:33: error: 'S_GREEN_Pin' undeclared (first use in this function)
   39 |     setLight(S_GREEN_GPIO_Port, S_GREEN_Pin, GPIO_PIN_RESET);
      |                                 ^~~~~~~~~~~
../Core/Src/main.c:41:14: error: 'E_RED_GPIO_Port' undeclared (first use in this function); did you mean 'E_Pin_GPIO_Port'?
   41 |     setLight(E_RED_GPIO_Port, E_RED_Pin, GPIO_PIN_RESET);
      |              ^~~~~~~~~~~~~~~
      |              E_Pin_GPIO_Port
../Core/Src/main.c:41:31: error: 'E_RED_Pin' undeclared (first use in this function); did you mean 'E_Pin_Pin'?
   41 |     setLight(E_RED_GPIO_Port, E_RED_Pin, GPIO_PIN_RESET);
      |                               ^~~~~~~~~
      |                               E_Pin_Pin
../Core/Src/main.c:42:14: error: 'E_YELLOW_GPIO_Port' undeclared (first use in this function); did you mean 'E_Pin_GPIO_Port'?
   42 |     setLight(E_YELLOW_GPIO_Port, E_YELLOW_Pin, GPIO_PIN_RESET);
      |              ^~~~~~~~~~~~~~~~~~
      |              E_Pin_GPIO_Port
../Core/Src/main.c:42:34: error: 'E_YELLOW_Pin' undeclared (first use in this function)
   42 |     setLight(E_YELLOW_GPIO_Port, E_YELLOW_Pin, GPIO_PIN_RESET);
      |                                  ^~~~~~~~~~~~
../Core/Src/main.c:43:14: error: 'E_GREEN_GPIO_Port' undeclared (first use in this function); did you mean 'E_Pin_GPIO_Port'?
   43 |     setLight(E_GREEN_GPIO_Port, E_GREEN_Pin, GPIO_PIN_RESET);
      |              ^~~~~~~~~~~~~~~~~
      |              E_Pin_GPIO_Port
../Core/Src/main.c:43:33: error: 'E_GREEN_Pin' undeclared (first use in this function)
   43 |     setLight(E_GREEN_GPIO_Port, E_GREEN_Pin, GPIO_PIN_RESET);
      |                                 ^~~~~~~~~~~
../Core/Src/main.c:45:14: error: 'W_RED_GPIO_Port' undeclared (first use in this function); did you mean 'a_Pin_GPIO_Port'?
   45 |     setLight(W_RED_GPIO_Port, W_RED_Pin, GPIO_PIN_RESET);
      |              ^~~~~~~~~~~~~~~
      |              a_Pin_GPIO_Port
../Core/Src/main.c:45:31: error: 'W_RED_Pin' undeclared (first use in this function)
   45 |     setLight(W_RED_GPIO_Port, W_RED_Pin, GPIO_PIN_RESET);
      |                               ^~~~~~~~~
../Core/Src/main.c:46:14: error: 'W_YELLOW_GPIO_Port' undeclared (first use in this function)
   46 |     setLight(W_YELLOW_GPIO_Port, W_YELLOW_Pin, GPIO_PIN_RESET);
      |              ^~~~~~~~~~~~~~~~~~
../Core/Src/main.c:46:34: error: 'W_YELLOW_Pin' undeclared (first use in this function)
   46 |     setLight(W_YELLOW_GPIO_Port, W_YELLOW_Pin, GPIO_PIN_RESET);
      |                                  ^~~~~~~~~~~~
../Core/Src/main.c:47:14: error: 'W_GREEN_GPIO_Port' undeclared (first use in this function); did you mean 'a_Pin_GPIO_Port'?
   47 |     setLight(W_GREEN_GPIO_Port, W_GREEN_Pin, GPIO_PIN_RESET);
      |              ^~~~~~~~~~~~~~~~~
      |              a_Pin_GPIO_Port
../Core/Src/main.c:47:33: error: 'W_GREEN_Pin' undeclared (first use in this function)
   47 |     setLight(W_GREEN_GPIO_Port, W_GREEN_Pin, GPIO_PIN_RESET);
      |                                 ^~~~~~~~~~~
../Core/Src/main.c: In function 'display7SEG':
../Core/Src/main.c:67:23: error: 'SEG_A_GPIO_Port' undeclared (first use in this function); did you mean 'a_Pin_GPIO_Port'?
   67 |     HAL_GPIO_WritePin(SEG_A_GPIO_Port, SEG_A_Pin, (p >> 6) & 0x01);
      |                       ^~~~~~~~~~~~~~~
      |                       a_Pin_GPIO_Port
../Core/Src/main.c:67:40: error: 'SEG_A_Pin' undeclared (first use in this function)
   67 |     HAL_GPIO_WritePin(SEG_A_GPIO_Port, SEG_A_Pin, (p >> 6) & 0x01);
      |                                        ^~~~~~~~~
../Core/Src/main.c:68:23: error: 'SEG_B_GPIO_Port' undeclared (first use in this function); did you mean 'a_Pin_GPIO_Port'?
   68 |     HAL_GPIO_WritePin(SEG_B_GPIO_Port, SEG_B_Pin, (p >> 5) & 0x01);
      |                       ^~~~~~~~~~~~~~~
      |                       a_Pin_GPIO_Port
../Core/Src/main.c:68:40: error: 'SEG_B_Pin' undeclared (first use in this function)
   68 |     HAL_GPIO_WritePin(SEG_B_GPIO_Port, SEG_B_Pin, (p >> 5) & 0x01);
      |                                        ^~~~~~~~~
../Core/Src/main.c:69:23: error: 'SEG_C_GPIO_Port' undeclared (first use in this function); did you mean 'a_Pin_GPIO_Port'?
   69 |     HAL_GPIO_WritePin(SEG_C_GPIO_Port, SEG_C_Pin, (p >> 4) & 0x01);
      |                       ^~~~~~~~~~~~~~~
      |                       a_Pin_GPIO_Port
../Core/Src/main.c:69:40: error: 'SEG_C_Pin' undeclared (first use in this function)
   69 |     HAL_GPIO_WritePin(SEG_C_GPIO_Port, SEG_C_Pin, (p >> 4) & 0x01);
      |                                        ^~~~~~~~~
../Core/Src/main.c:70:23: error: 'SEG_D_GPIO_Port' undeclared (first use in this function); did you mean 'a_Pin_GPIO_Port'?
   70 |     HAL_GPIO_WritePin(SEG_D_GPIO_Port, SEG_D_Pin, (p >> 3) & 0x01);
      |                       ^~~~~~~~~~~~~~~
      |                       a_Pin_GPIO_Port
../Core/Src/main.c:70:40: error: 'SEG_D_Pin' undeclared (first use in this function)
   70 |     HAL_GPIO_WritePin(SEG_D_GPIO_Port, SEG_D_Pin, (p >> 3) & 0x01);
      |                                        ^~~~~~~~~
../Core/Src/main.c:71:23: error: 'SEG_E_GPIO_Port' undeclared (first use in this function); did you mean 'a_Pin_GPIO_Port'?
   71 |     HAL_GPIO_WritePin(SEG_E_GPIO_Port, SEG_E_Pin, (p >> 2) & 0x01);
      |                       ^~~~~~~~~~~~~~~
      |                       a_Pin_GPIO_Port
../Core/Src/main.c:71:40: error: 'SEG_E_Pin' undeclared (first use in this function)
   71 |     HAL_GPIO_WritePin(SEG_E_GPIO_Port, SEG_E_Pin, (p >> 2) & 0x01);
      |                                        ^~~~~~~~~
../Core/Src/main.c:72:23: error: 'SEG_F_GPIO_Port' undeclared (first use in this function); did you mean 'a_Pin_GPIO_Port'?
   72 |     HAL_GPIO_WritePin(SEG_F_GPIO_Port, SEG_F_Pin, (p >> 1) & 0x01);
      |                       ^~~~~~~~~~~~~~~
      |                       a_Pin_GPIO_Port
../Core/Src/main.c:72:40: error: 'SEG_F_Pin' undeclared (first use in this function)
   72 |     HAL_GPIO_WritePin(SEG_F_GPIO_Port, SEG_F_Pin, (p >> 1) & 0x01);
      |                                        ^~~~~~~~~
../Core/Src/main.c:73:23: error: 'SEG_G_GPIO_Port' undeclared (first use in this function); did you mean 'a_Pin_GPIO_Port'?
   73 |     HAL_GPIO_WritePin(SEG_G_GPIO_Port, SEG_G_Pin, (p >> 0) & 0x01);
      |                       ^~~~~~~~~~~~~~~
      |                       a_Pin_GPIO_Port
../Core/Src/main.c:73:40: error: 'SEG_G_Pin' undeclared (first use in this function)
   73 |     HAL_GPIO_WritePin(SEG_G_GPIO_Port, SEG_G_Pin, (p >> 0) & 0x01);
      |                                        ^~~~~~~~~
../Core/Src/main.c: In function 'display7SEG2':
../Core/Src/main.c:93:23: error: 'SEGA_GPIO_Port' undeclared (first use in this function); did you mean 'a_Pin_GPIO_Port'?
   93 |     HAL_GPIO_WritePin(SEGA_GPIO_Port, SEGA_Pin, (p >> 6) & 0x01);
      |                       ^~~~~~~~~~~~~~
      |                       a_Pin_GPIO_Port
../Core/Src/main.c:93:39: error: 'SEGA_Pin' undeclared (first use in this function)
   93 |     HAL_GPIO_WritePin(SEGA_GPIO_Port, SEGA_Pin, (p >> 6) & 0x01);
      |                                       ^~~~~~~~
../Core/Src/main.c:94:23: error: 'SEGB_GPIO_Port' undeclared (first use in this function); did you mean 'a_Pin_GPIO_Port'?
   94 |     HAL_GPIO_WritePin(SEGB_GPIO_Port, SEGB_Pin, (p >> 5) & 0x01);
      |                       ^~~~~~~~~~~~~~
      |                       a_Pin_GPIO_Port
../Core/Src/main.c:94:39: error: 'SEGB_Pin' undeclared (first use in this function)
   94 |     HAL_GPIO_WritePin(SEGB_GPIO_Port, SEGB_Pin, (p >> 5) & 0x01);
      |                                       ^~~~~~~~
../Core/Src/main.c:95:23: error: 'SEGC_GPIO_Port' undeclared (first use in this function); did you mean 'a_Pin_GPIO_Port'?
   95 |     HAL_GPIO_WritePin(SEGC_GPIO_Port, SEGC_Pin, (p >> 4) & 0x01);
      |                       ^~~~~~~~~~~~~~
      |                       a_Pin_GPIO_Port
../Core/Src/main.c:95:39: error: 'SEGC_Pin' undeclared (first use in this function)
   95 |     HAL_GPIO_WritePin(SEGC_GPIO_Port, SEGC_Pin, (p >> 4) & 0x01);
      |                                       ^~~~~~~~
../Core/Src/main.c:96:23: error: 'SEGD_GPIO_Port' undeclared (first use in this function); did you mean 'a_Pin_GPIO_Port'?
   96 |     HAL_GPIO_WritePin(SEGD_GPIO_Port, SEGD_Pin, (p >> 3) & 0x01);
      |                       ^~~~~~~~~~~~~~
      |                       a_Pin_GPIO_Port
../Core/Src/main.c:96:39: error: 'SEGD_Pin' undeclared (first use in this function)
   96 |     HAL_GPIO_WritePin(SEGD_GPIO_Port, SEGD_Pin, (p >> 3) & 0x01);
      |                                       ^~~~~~~~
../Core/Src/main.c:97:23: error: 'SEGE_GPIO_Port' undeclared (first use in this function); did you mean 'a_Pin_GPIO_Port'?
   97 |     HAL_GPIO_WritePin(SEGE_GPIO_Port, SEGE_Pin, (p >> 2) & 0x01);
      |                       ^~~~~~~~~~~~~~
      |                       a_Pin_GPIO_Port
../Core/Src/main.c:97:39: error: 'SEGE_Pin' undeclared (first use in this function)
   97 |     HAL_GPIO_WritePin(SEGE_GPIO_Port, SEGE_Pin, (p >> 2) & 0x01);
      |                                       ^~~~~~~~
../Core/Src/main.c:98:23: error: 'SEGF_GPIO_Port' undeclared (first use in this function); did you mean 'a_Pin_GPIO_Port'?
   98 |     HAL_GPIO_WritePin(SEGF_GPIO_Port, SEGF_Pin, (p >> 1) & 0x01);
      |                       ^~~~~~~~~~~~~~
      |                       a_Pin_GPIO_Port
../Core/Src/main.c:98:39: error: 'SEGF_Pin' undeclared (first use in this function)
   98 |     HAL_GPIO_WritePin(SEGF_GPIO_Port, SEGF_Pin, (p >> 1) & 0x01);
      |                                       ^~~~~~~~
../Core/Src/main.c:99:23: error: 'SEGG_GPIO_Port' undeclared (first use in this function); did you mean 'a_Pin_GPIO_Port'?
   99 |     HAL_GPIO_WritePin(SEGG_GPIO_Port, SEGG_Pin, (p >> 0) & 0x01);
      |                       ^~~~~~~~~~~~~~
      |                       a_Pin_GPIO_Port
../Core/Src/main.c:99:39: error: 'SEGG_Pin' undeclared (first use in this function)
   99 |     HAL_GPIO_WritePin(SEGG_GPIO_Port, SEGG_Pin, (p >> 0) & 0x01);
      |                                       ^~~~~~~~
../Core/Src/main.c: In function 'main':
../Core/Src/main.c:127:16: error: 'N_GREEN_GPIO_Port' undeclared (first use in this function); did you mean 'a_Pin_GPIO_Port'?
  127 |       setLight(N_GREEN_GPIO_Port, N_GREEN_Pin, GPIO_PIN_SET);
      |                ^~~~~~~~~~~~~~~~~
      |                a_Pin_GPIO_Port
../Core/Src/main.c:127:35: error: 'N_GREEN_Pin' undeclared (first use in this function)
  127 |       setLight(N_GREEN_GPIO_Port, N_GREEN_Pin, GPIO_PIN_SET);
      |                                   ^~~~~~~~~~~
../Core/Src/main.c:128:16: error: 'S_GREEN_GPIO_Port' undeclared (first use in this function); did you mean 'a_Pin_GPIO_Port'?
  128 |       setLight(S_GREEN_GPIO_Port, S_GREEN_Pin, GPIO_PIN_SET);
      |                ^~~~~~~~~~~~~~~~~
      |                a_Pin_GPIO_Port
../Core/Src/main.c:128:35: error: 'S_GREEN_Pin' undeclared (first use in this function)
  128 |       setLight(S_GREEN_GPIO_Port, S_GREEN_Pin, GPIO_PIN_SET);
      |                                   ^~~~~~~~~~~
../Core/Src/main.c:129:16: error: 'E_RED_GPIO_Port' undeclared (first use in this function); did you mean 'E_Pin_GPIO_Port'?
  129 |       setLight(E_RED_GPIO_Port, E_RED_Pin, GPIO_PIN_SET);
      |                ^~~~~~~~~~~~~~~
      |                E_Pin_GPIO_Port
../Core/Src/main.c:129:33: error: 'E_RED_Pin' undeclared (first use in this function); did you mean 'E_Pin_Pin'?
  129 |       setLight(E_RED_GPIO_Port, E_RED_Pin, GPIO_PIN_SET);
      |                                 ^~~~~~~~~
      |                                 E_Pin_Pin
../Core/Src/main.c:130:16: error: 'W_RED_GPIO_Port' undeclared (first use in this function); did you mean 'a_Pin_GPIO_Port'?
  130 |       setLight(W_RED_GPIO_Port, W_RED_Pin, GPIO_PIN_SET);
      |                ^~~~~~~~~~~~~~~
      |                a_Pin_GPIO_Port
../Core/Src/main.c:130:33: error: 'W_RED_Pin' undeclared (first use in this function)
  130 |       setLight(W_RED_GPIO_Port, W_RED_Pin, GPIO_PIN_SET);
      |                                 ^~~~~~~~~
../Core/Src/main.c:139:16: error: 'N_YELLOW_GPIO_Port' undeclared (first use in this function)
  139 |       setLight(N_YELLOW_GPIO_Port, N_YELLOW_Pin, GPIO_PIN_SET);
      |                ^~~~~~~~~~~~~~~~~~
../Core/Src/main.c:139:36: error: 'N_YELLOW_Pin' undeclared (first use in this function)
  139 |       setLight(N_YELLOW_GPIO_Port, N_YELLOW_Pin, GPIO_PIN_SET);
      |                                    ^~~~~~~~~~~~
../Core/Src/main.c:140:16: error: 'S_YELLOW_GPIO_Port' undeclared (first use in this function)
  140 |       setLight(S_YELLOW_GPIO_Port, S_YELLOW_Pin, GPIO_PIN_SET);
      |                ^~~~~~~~~~~~~~~~~~
../Core/Src/main.c:140:36: error: 'S_YELLOW_Pin' undeclared (first use in this function)
  140 |       setLight(S_YELLOW_GPIO_Port, S_YELLOW_Pin, GPIO_PIN_SET);
      |                                    ^~~~~~~~~~~~
../Core/Src/main.c:151:16: error: 'N_RED_GPIO_Port' undeclared (first use in this function); did you mean 'a_Pin_GPIO_Port'?
  151 |       setLight(N_RED_GPIO_Port, N_RED_Pin, GPIO_PIN_SET);
      |                ^~~~~~~~~~~~~~~
      |                a_Pin_GPIO_Port
../Core/Src/main.c:151:33: error: 'N_RED_Pin' undeclared (first use in this function)
  151 |       setLight(N_RED_GPIO_Port, N_RED_Pin, GPIO_PIN_SET);
      |                                 ^~~~~~~~~
../Core/Src/main.c:152:16: error: 'S_RED_GPIO_Port' undeclared (first use in this function); did you mean 'a_Pin_GPIO_Port'?
  152 |       setLight(S_RED_GPIO_Port, S_RED_Pin, GPIO_PIN_SET);
      |                ^~~~~~~~~~~~~~~
      |                a_Pin_GPIO_Port
../Core/Src/main.c:152:33: error: 'S_RED_Pin' undeclared (first use in this function)
  152 |       setLight(S_RED_GPIO_Port, S_RED_Pin, GPIO_PIN_SET);
      |                                 ^~~~~~~~~
../Core/Src/main.c:153:16: error: 'E_GREEN_GPIO_Port' undeclared (first use in this function); did you mean 'E_Pin_GPIO_Port'?
  153 |       setLight(E_GREEN_GPIO_Port, E_GREEN_Pin, GPIO_PIN_SET);
      |                ^~~~~~~~~~~~~~~~~
      |                E_Pin_GPIO_Port
../Core/Src/main.c:153:35: error: 'E_GREEN_Pin' undeclared (first use in this function)
  153 |       setLight(E_GREEN_GPIO_Port, E_GREEN_Pin, GPIO_PIN_SET);
      |                                   ^~~~~~~~~~~
../Core/Src/main.c:154:16: error: 'W_GREEN_GPIO_Port' undeclared (first use in this function); did you mean 'a_Pin_GPIO_Port'?
  154 |       setLight(W_GREEN_GPIO_Port, W_GREEN_Pin, GPIO_PIN_SET);
      |                ^~~~~~~~~~~~~~~~~
      |                a_Pin_GPIO_Port
../Core/Src/main.c:154:35: error: 'W_GREEN_Pin' undeclared (first use in this function)
  154 |       setLight(W_GREEN_GPIO_Port, W_GREEN_Pin, GPIO_PIN_SET);
      |                                   ^~~~~~~~~~~
../Core/Src/main.c:165:16: error: 'E_YELLOW_GPIO_Port' undeclared (first use in this function); did you mean 'E_Pin_GPIO_Port'?
  165 |       setLight(E_YELLOW_GPIO_Port, E_YELLOW_Pin, GPIO_PIN_SET);
      |                ^~~~~~~~~~~~~~~~~~
      |                E_Pin_GPIO_Port
../Core/Src/main.c:165:36: error: 'E_YELLOW_Pin' undeclared (first use in this function)
  165 |       setLight(E_YELLOW_GPIO_Port, E_YELLOW_Pin, GPIO_PIN_SET);
      |                                    ^~~~~~~~~~~~
../Core/Src/main.c:166:16: error: 'W_YELLOW_GPIO_Port' undeclared (first use in this function)
  166 |       setLight(W_YELLOW_GPIO_Port, W_YELLOW_Pin, GPIO_PIN_SET);
      |                ^~~~~~~~~~~~~~~~~~
../Core/Src/main.c:166:36: error: 'W_YELLOW_Pin' undeclared (first use in this function)
  166 |       setLight(W_YELLOW_GPIO_Port, W_YELLOW_Pin, GPIO_PIN_SET);
      |                                    ^~~~~~~~~~~~
../Core/Src/main.c: In function 'MX_GPIO_Init':
../Core/Src/main.c:209:28: error: 'N_RED_Pin' undeclared (first use in this function)
  209 |   HAL_GPIO_WritePin(GPIOA, N_RED_Pin|N_YELLOW_Pin|N_GREEN_Pin|S_RED_Pin
      |                            ^~~~~~~~~
../Core/Src/main.c:209:38: error: 'N_YELLOW_Pin' undeclared (first use in this function)
  209 |   HAL_GPIO_WritePin(GPIOA, N_RED_Pin|N_YELLOW_Pin|N_GREEN_Pin|S_RED_Pin
      |                                      ^~~~~~~~~~~~
../Core/Src/main.c:209:51: error: 'N_GREEN_Pin' undeclared (first use in this function)
  209 |   HAL_GPIO_WritePin(GPIOA, N_RED_Pin|N_YELLOW_Pin|N_GREEN_Pin|S_RED_Pin
      |                                                   ^~~~~~~~~~~
../Core/Src/main.c:209:63: error: 'S_RED_Pin' undeclared (first use in this function)
  209 |   HAL_GPIO_WritePin(GPIOA, N_RED_Pin|N_YELLOW_Pin|N_GREEN_Pin|S_RED_Pin
      |                                                               ^~~~~~~~~
../Core/Src/main.c:210:28: error: 'S_YELLOW_Pin' undeclared (first use in this function)
  210 |                           |S_YELLOW_Pin|S_GREEN_Pin|E_RED_Pin|E_YELLOW_Pin
      |                            ^~~~~~~~~~~~
../Core/Src/main.c:210:41: error: 'S_GREEN_Pin' undeclared (first use in this function)
  210 |                           |S_YELLOW_Pin|S_GREEN_Pin|E_RED_Pin|E_YELLOW_Pin
      |                                         ^~~~~~~~~~~
../Core/Src/main.c:210:53: error: 'E_RED_Pin' undeclared (first use in this function); did you mean 'E_Pin_Pin'?
  210 |                           |S_YELLOW_Pin|S_GREEN_Pin|E_RED_Pin|E_YELLOW_Pin
      |                                                     ^~~~~~~~~
      |                                                     E_Pin_Pin
../Core/Src/main.c:210:63: error: 'E_YELLOW_Pin' undeclared (first use in this function)
  210 |                           |S_YELLOW_Pin|S_GREEN_Pin|E_RED_Pin|E_YELLOW_Pin
      |                                                               ^~~~~~~~~~~~
../Core/Src/main.c:211:28: error: 'E_GREEN_Pin' undeclared (first use in this function)
  211 |                           |E_GREEN_Pin|W_RED_Pin|W_YELLOW_Pin|W_GREEN_Pin, GPIO_PIN_RESET);
      |                            ^~~~~~~~~~~
../Core/Src/main.c:211:40: error: 'W_RED_Pin' undeclared (first use in this function)
  211 |                           |E_GREEN_Pin|W_RED_Pin|W_YELLOW_Pin|W_GREEN_Pin, GPIO_PIN_RESET);
      |                                        ^~~~~~~~~
../Core/Src/main.c:211:50: error: 'W_YELLOW_Pin' undeclared (first use in this function)
  211 |                           |E_GREEN_Pin|W_RED_Pin|W_YELLOW_Pin|W_GREEN_Pin, GPIO_PIN_RESET);
      |                                                  ^~~~~~~~~~~~
../Core/Src/main.c:211:63: error: 'W_GREEN_Pin' undeclared (first use in this function)
  211 |                           |E_GREEN_Pin|W_RED_Pin|W_YELLOW_Pin|W_GREEN_Pin, GPIO_PIN_RESET);
      |                                                               ^~~~~~~~~~~
../Core/Src/main.c:213:28: error: 'SEG_A_Pin' undeclared (first use in this function)
  213 |   HAL_GPIO_WritePin(GPIOB, SEG_A_Pin|SEG_B_Pin|SEG_C_Pin|SEGD_Pin
      |                            ^~~~~~~~~
../Core/Src/main.c:213:38: error: 'SEG_B_Pin' undeclared (first use in this function)
  213 |   HAL_GPIO_WritePin(GPIOB, SEG_A_Pin|SEG_B_Pin|SEG_C_Pin|SEGD_Pin
      |                                      ^~~~~~~~~
../Core/Src/main.c:213:48: error: 'SEG_C_Pin' undeclared (first use in this function)
  213 |   HAL_GPIO_WritePin(GPIOB, SEG_A_Pin|SEG_B_Pin|SEG_C_Pin|SEGD_Pin
      |                                                ^~~~~~~~~
../Core/Src/main.c:213:58: error: 'SEGD_Pin' undeclared (first use in this function)
  213 |   HAL_GPIO_WritePin(GPIOB, SEG_A_Pin|SEG_B_Pin|SEG_C_Pin|SEGD_Pin
      |                                                          ^~~~~~~~
../Core/Src/main.c:214:28: error: 'SEGE_Pin' undeclared (first use in this function)
  214 |                           |SEGE_Pin|SEGF_Pin|SEGG_Pin|SEG_D_Pin
      |                            ^~~~~~~~
../Core/Src/main.c:214:37: error: 'SEGF_Pin' undeclared (first use in this function)
  214 |                           |SEGE_Pin|SEGF_Pin|SEGG_Pin|SEG_D_Pin
      |                                     ^~~~~~~~
../Core/Src/main.c:214:46: error: 'SEGG_Pin' undeclared (first use in this function)
  214 |                           |SEGE_Pin|SEGF_Pin|SEGG_Pin|SEG_D_Pin
      |                                              ^~~~~~~~
../Core/Src/main.c:214:55: error: 'SEG_D_Pin' undeclared (first use in this function)
  214 |                           |SEGE_Pin|SEGF_Pin|SEGG_Pin|SEG_D_Pin
      |                                                       ^~~~~~~~~
../Core/Src/main.c:215:28: error: 'SEG_E_Pin' undeclared (first use in this function)
  215 |                           |SEG_E_Pin|SEG_F_Pin|SEG_G_Pin|SEGA_Pin
      |                            ^~~~~~~~~
../Core/Src/main.c:215:38: error: 'SEG_F_Pin' undeclared (first use in this function)
  215 |                           |SEG_E_Pin|SEG_F_Pin|SEG_G_Pin|SEGA_Pin
      |                                      ^~~~~~~~~
../Core/Src/main.c:215:48: error: 'SEG_G_Pin' undeclared (first use in this function)
  215 |                           |SEG_E_Pin|SEG_F_Pin|SEG_G_Pin|SEGA_Pin
      |                                                ^~~~~~~~~
../Core/Src/main.c:215:58: error: 'SEGA_Pin' undeclared (first use in this function)
  215 |                           |SEG_E_Pin|SEG_F_Pin|SEG_G_Pin|SEGA_Pin
      |                                                          ^~~~~~~~
../Core/Src/main.c:216:28: error: 'SEGB_Pin' undeclared (first use in this function)
  216 |                           |SEGB_Pin|SEGC_Pin, GPIO_PIN_RESET);
      |                            ^~~~~~~~
../Core/Src/main.c:216:37: error: 'SEGC_Pin' undeclared (first use in this function)
  216 |                           |SEGB_Pin|SEGC_Pin, GPIO_PIN_RESET);
      |                                     ^~~~~~~~
make: *** [Core/Src/subdir.mk:34: Core/Src/main.o] Error 1
"make -j22 all" terminated with exit code 2. Build might be incomplete.
15:49:25 **** Incremental Build of configuration Debug for project Led_Animations ****
make -j22 all 
arm-none-eabi-gcc "../Core/Src/main.c" -mcpu=cortex-m3 -std=gnu11 -g3 -DDEBUG -DUSE_HAL_DRIVER -DSTM32F103x6 -c -I../Core/Inc -I../Drivers/STM32F1xx_HAL_Driver/Inc -I../Drivers/STM32F1xx_HAL_Driver/Inc/Legacy -I../Drivers/CMSIS/Device/ST/STM32F1xx/Include -I../Drivers/CMSIS/Include -O0 -ffunction-sections -fdata-sections -Wall -fstack-usage -MMD -MP -MF"Core/Src/main.d" -MT"Core/Src/main.o" --specs=nano.specs -mfloat-abi=soft -mthumb -o "Core/Src/main.o"
../Core/Src/main.c: In function 'allOff':
../Core/Src/main.c:67:14: error: 'N_RED_GPIO_Port' undeclared (first use in this function); did you mean 'a_Pin_GPIO_Port'?
   67 |     setLight(N_RED_GPIO_Port, N_RED_Pin, GPIO_PIN_RESET);
      |              ^~~~~~~~~~~~~~~
      |              a_Pin_GPIO_Port
../Core/Src/main.c:67:14: note: each undeclared identifier is reported only once for each function it appears in
../Core/Src/main.c:67:31: error: 'N_RED_Pin' undeclared (first use in this function)
   67 |     setLight(N_RED_GPIO_Port, N_RED_Pin, GPIO_PIN_RESET);
      |                               ^~~~~~~~~
../Core/Src/main.c:68:14: error: 'N_YELLOW_GPIO_Port' undeclared (first use in this function)
   68 |     setLight(N_YELLOW_GPIO_Port, N_YELLOW_Pin, GPIO_PIN_RESET);
      |              ^~~~~~~~~~~~~~~~~~
../Core/Src/main.c:68:34: error: 'N_YELLOW_Pin' undeclared (first use in this function)
   68 |     setLight(N_YELLOW_GPIO_Port, N_YELLOW_Pin, GPIO_PIN_RESET);
      |                                  ^~~~~~~~~~~~
../Core/Src/main.c:69:14: error: 'N_GREEN_GPIO_Port' undeclared (first use in this function); did you mean 'a_Pin_GPIO_Port'?
   69 |     setLight(N_GREEN_GPIO_Port, N_GREEN_Pin, GPIO_PIN_RESET);
      |              ^~~~~~~~~~~~~~~~~
      |              a_Pin_GPIO_Port
../Core/Src/main.c:69:33: error: 'N_GREEN_Pin' undeclared (first use in this function)
   69 |     setLight(N_GREEN_GPIO_Port, N_GREEN_Pin, GPIO_PIN_RESET);
      |                                 ^~~~~~~~~~~
../Core/Src/main.c:70:14: error: 'S_RED_GPIO_Port' undeclared (first use in this function); did you mean 'a_Pin_GPIO_Port'?
   70 |     setLight(S_RED_GPIO_Port, S_RED_Pin, GPIO_PIN_RESET);
      |              ^~~~~~~~~~~~~~~
      |              a_Pin_GPIO_Port
../Core/Src/main.c:70:31: error: 'S_RED_Pin' undeclared (first use in this function)
   70 |     setLight(S_RED_GPIO_Port, S_RED_Pin, GPIO_PIN_RESET);
      |                               ^~~~~~~~~
../Core/Src/main.c:71:14: error: 'S_YELLOW_GPIO_Port' undeclared (first use in this function)
   71 |     setLight(S_YELLOW_GPIO_Port, S_YELLOW_Pin, GPIO_PIN_RESET);
      |              ^~~~~~~~~~~~~~~~~~
../Core/Src/main.c:71:34: error: 'S_YELLOW_Pin' undeclared (first use in this function)
   71 |     setLight(S_YELLOW_GPIO_Port, S_YELLOW_Pin, GPIO_PIN_RESET);
      |                                  ^~~~~~~~~~~~
../Core/Src/main.c:72:14: error: 'S_GREEN_GPIO_Port' undeclared (first use in this function); did you mean 'a_Pin_GPIO_Port'?
   72 |     setLight(S_GREEN_GPIO_Port, S_GREEN_Pin, GPIO_PIN_RESET);
      |              ^~~~~~~~~~~~~~~~~
      |              a_Pin_GPIO_Port
../Core/Src/main.c:72:33: error: 'S_GREEN_Pin' undeclared (first use in this function)
   72 |     setLight(S_GREEN_GPIO_Port, S_GREEN_Pin, GPIO_PIN_RESET);
      |                                 ^~~~~~~~~~~
../Core/Src/main.c:73:14: error: 'E_RED_GPIO_Port' undeclared (first use in this function); did you mean 'E_Pin_GPIO_Port'?
   73 |     setLight(E_RED_GPIO_Port, E_RED_Pin, GPIO_PIN_RESET);
      |              ^~~~~~~~~~~~~~~
      |              E_Pin_GPIO_Port
../Core/Src/main.c:73:31: error: 'E_RED_Pin' undeclared (first use in this function); did you mean 'E_Pin_Pin'?
   73 |     setLight(E_RED_GPIO_Port, E_RED_Pin, GPIO_PIN_RESET);
      |                               ^~~~~~~~~
      |                               E_Pin_Pin
../Core/Src/main.c:74:14: error: 'E_YELLOW_GPIO_Port' undeclared (first use in this function); did you mean 'E_Pin_GPIO_Port'?
   74 |     setLight(E_YELLOW_GPIO_Port, E_YELLOW_Pin, GPIO_PIN_RESET);
      |              ^~~~~~~~~~~~~~~~~~
      |              E_Pin_GPIO_Port
../Core/Src/main.c:74:34: error: 'E_YELLOW_Pin' undeclared (first use in this function)
   74 |     setLight(E_YELLOW_GPIO_Port, E_YELLOW_Pin, GPIO_PIN_RESET);
      |                                  ^~~~~~~~~~~~
../Core/Src/main.c:75:14: error: 'E_GREEN_GPIO_Port' undeclared (first use in this function); did you mean 'E_Pin_GPIO_Port'?
   75 |     setLight(E_GREEN_GPIO_Port, E_GREEN_Pin, GPIO_PIN_RESET);
      |              ^~~~~~~~~~~~~~~~~
      |              E_Pin_GPIO_Port
../Core/Src/main.c:75:33: error: 'E_GREEN_Pin' undeclared (first use in this function)
   75 |     setLight(E_GREEN_GPIO_Port, E_GREEN_Pin, GPIO_PIN_RESET);
      |                                 ^~~~~~~~~~~
../Core/Src/main.c:76:14: error: 'W_RED_GPIO_Port' undeclared (first use in this function); did you mean 'a_Pin_GPIO_Port'?
   76 |     setLight(W_RED_GPIO_Port, W_RED_Pin, GPIO_PIN_RESET);
      |              ^~~~~~~~~~~~~~~
      |              a_Pin_GPIO_Port
../Core/Src/main.c:76:31: error: 'W_RED_Pin' undeclared (first use in this function)
   76 |     setLight(W_RED_GPIO_Port, W_RED_Pin, GPIO_PIN_RESET);
      |                               ^~~~~~~~~
../Core/Src/main.c:77:14: error: 'W_YELLOW_GPIO_Port' undeclared (first use in this function)
   77 |     setLight(W_YELLOW_GPIO_Port, W_YELLOW_Pin, GPIO_PIN_RESET);
      |              ^~~~~~~~~~~~~~~~~~
../Core/Src/main.c:77:34: error: 'W_YELLOW_Pin' undeclared (first use in this function)
   77 |     setLight(W_YELLOW_GPIO_Port, W_YELLOW_Pin, GPIO_PIN_RESET);
      |                                  ^~~~~~~~~~~~
../Core/Src/main.c:78:14: error: 'W_GREEN_GPIO_Port' undeclared (first use in this function); did you mean 'a_Pin_GPIO_Port'?
   78 |     setLight(W_GREEN_GPIO_Port, W_GREEN_Pin, GPIO_PIN_RESET);
      |              ^~~~~~~~~~~~~~~~~
      |              a_Pin_GPIO_Port
../Core/Src/main.c:78:33: error: 'W_GREEN_Pin' undeclared (first use in this function)
   78 |     setLight(W_GREEN_GPIO_Port, W_GREEN_Pin, GPIO_PIN_RESET);
      |                                 ^~~~~~~~~~~
../Core/Src/main.c: In function 'main':
../Core/Src/main.c:188:16: error: 'N_GREEN_GPIO_Port' undeclared (first use in this function); did you mean 'a_Pin_GPIO_Port'?
  188 |       setLight(N_GREEN_GPIO_Port, N_GREEN_Pin, GPIO_PIN_SET);
      |                ^~~~~~~~~~~~~~~~~
      |                a_Pin_GPIO_Port
../Core/Src/main.c:188:35: error: 'N_GREEN_Pin' undeclared (first use in this function)
  188 |       setLight(N_GREEN_GPIO_Port, N_GREEN_Pin, GPIO_PIN_SET);
      |                                   ^~~~~~~~~~~
../Core/Src/main.c:189:16: error: 'S_GREEN_GPIO_Port' undeclared (first use in this function); did you mean 'a_Pin_GPIO_Port'?
  189 |       setLight(S_GREEN_GPIO_Port, S_GREEN_Pin, GPIO_PIN_SET);
      |                ^~~~~~~~~~~~~~~~~
      |                a_Pin_GPIO_Port
../Core/Src/main.c:189:35: error: 'S_GREEN_Pin' undeclared (first use in this function)
  189 |       setLight(S_GREEN_GPIO_Port, S_GREEN_Pin, GPIO_PIN_SET);
      |                                   ^~~~~~~~~~~
../Core/Src/main.c:190:16: error: 'E_RED_GPIO_Port' undeclared (first use in this function); did you mean 'E_Pin_GPIO_Port'?
  190 |       setLight(E_RED_GPIO_Port, E_RED_Pin, GPIO_PIN_SET);
      |                ^~~~~~~~~~~~~~~
      |                E_Pin_GPIO_Port
../Core/Src/main.c:190:33: error: 'E_RED_Pin' undeclared (first use in this function); did you mean 'E_Pin_Pin'?
  190 |       setLight(E_RED_GPIO_Port, E_RED_Pin, GPIO_PIN_SET);
      |                                 ^~~~~~~~~
      |                                 E_Pin_Pin
../Core/Src/main.c:191:16: error: 'W_RED_GPIO_Port' undeclared (first use in this function); did you mean 'a_Pin_GPIO_Port'?
  191 |       setLight(W_RED_GPIO_Port, W_RED_Pin, GPIO_PIN_SET);
      |                ^~~~~~~~~~~~~~~
      |                a_Pin_GPIO_Port
../Core/Src/main.c:191:33: error: 'W_RED_Pin' undeclared (first use in this function)
  191 |       setLight(W_RED_GPIO_Port, W_RED_Pin, GPIO_PIN_SET);
      |                                 ^~~~~~~~~
../Core/Src/main.c:196:16: error: 'N_YELLOW_GPIO_Port' undeclared (first use in this function)
  196 |       setLight(N_YELLOW_GPIO_Port, N_YELLOW_Pin, GPIO_PIN_SET);
      |                ^~~~~~~~~~~~~~~~~~
../Core/Src/main.c:196:36: error: 'N_YELLOW_Pin' undeclared (first use in this function)
  196 |       setLight(N_YELLOW_GPIO_Port, N_YELLOW_Pin, GPIO_PIN_SET);
      |                                    ^~~~~~~~~~~~
../Core/Src/main.c:197:16: error: 'S_YELLOW_GPIO_Port' undeclared (first use in this function)
  197 |       setLight(S_YELLOW_GPIO_Port, S_YELLOW_Pin, GPIO_PIN_SET);
      |                ^~~~~~~~~~~~~~~~~~
../Core/Src/main.c:197:36: error: 'S_YELLOW_Pin' undeclared (first use in this function)
  197 |       setLight(S_YELLOW_GPIO_Port, S_YELLOW_Pin, GPIO_PIN_SET);
      |                                    ^~~~~~~~~~~~
../Core/Src/main.c:204:16: error: 'E_GREEN_GPIO_Port' undeclared (first use in this function); did you mean 'E_Pin_GPIO_Port'?
  204 |       setLight(E_GREEN_GPIO_Port, E_GREEN_Pin, GPIO_PIN_SET);
      |                ^~~~~~~~~~~~~~~~~
      |                E_Pin_GPIO_Port
../Core/Src/main.c:204:35: error: 'E_GREEN_Pin' undeclared (first use in this function)
  204 |       setLight(E_GREEN_GPIO_Port, E_GREEN_Pin, GPIO_PIN_SET);
      |                                   ^~~~~~~~~~~
../Core/Src/main.c:205:16: error: 'W_GREEN_GPIO_Port' undeclared (first use in this function); did you mean 'a_Pin_GPIO_Port'?
  205 |       setLight(W_GREEN_GPIO_Port, W_GREEN_Pin, GPIO_PIN_SET);
      |                ^~~~~~~~~~~~~~~~~
      |                a_Pin_GPIO_Port
../Core/Src/main.c:205:35: error: 'W_GREEN_Pin' undeclared (first use in this function)
  205 |       setLight(W_GREEN_GPIO_Port, W_GREEN_Pin, GPIO_PIN_SET);
      |                                   ^~~~~~~~~~~
../Core/Src/main.c:206:16: error: 'N_RED_GPIO_Port' undeclared (first use in this function); did you mean 'a_Pin_GPIO_Port'?
  206 |       setLight(N_RED_GPIO_Port, N_RED_Pin, GPIO_PIN_SET);
      |                ^~~~~~~~~~~~~~~
      |                a_Pin_GPIO_Port
../Core/Src/main.c:206:33: error: 'N_RED_Pin' undeclared (first use in this function)
  206 |       setLight(N_RED_GPIO_Port, N_RED_Pin, GPIO_PIN_SET);
      |                                 ^~~~~~~~~
../Core/Src/main.c:207:16: error: 'S_RED_GPIO_Port' undeclared (first use in this function); did you mean 'a_Pin_GPIO_Port'?
  207 |       setLight(S_RED_GPIO_Port, S_RED_Pin, GPIO_PIN_SET);
      |                ^~~~~~~~~~~~~~~
      |                a_Pin_GPIO_Port
../Core/Src/main.c:207:33: error: 'S_RED_Pin' undeclared (first use in this function)
  207 |       setLight(S_RED_GPIO_Port, S_RED_Pin, GPIO_PIN_SET);
      |                                 ^~~~~~~~~
../Core/Src/main.c:212:16: error: 'E_YELLOW_GPIO_Port' undeclared (first use in this function); did you mean 'E_Pin_GPIO_Port'?
  212 |       setLight(E_YELLOW_GPIO_Port, E_YELLOW_Pin, GPIO_PIN_SET);
      |                ^~~~~~~~~~~~~~~~~~
      |                E_Pin_GPIO_Port
../Core/Src/main.c:212:36: error: 'E_YELLOW_Pin' undeclared (first use in this function)
  212 |       setLight(E_YELLOW_GPIO_Port, E_YELLOW_Pin, GPIO_PIN_SET);
      |                                    ^~~~~~~~~~~~
../Core/Src/main.c:213:16: error: 'W_YELLOW_GPIO_Port' undeclared (first use in this function)
  213 |       setLight(W_YELLOW_GPIO_Port, W_YELLOW_Pin, GPIO_PIN_SET);
      |                ^~~~~~~~~~~~~~~~~~
../Core/Src/main.c:213:36: error: 'W_YELLOW_Pin' undeclared (first use in this function)
  213 |       setLight(W_YELLOW_GPIO_Port, W_YELLOW_Pin, GPIO_PIN_SET);
      |                                    ^~~~~~~~~~~~
../Core/Src/main.c: In function 'MX_GPIO_Init':
../Core/Src/main.c:274:28: error: 'N_RED_Pin' undeclared (first use in this function)
  274 |   HAL_GPIO_WritePin(GPIOA, N_RED_Pin|N_YELLOW_Pin|N_GREEN_Pin|S_RED_Pin
      |                            ^~~~~~~~~
../Core/Src/main.c:274:38: error: 'N_YELLOW_Pin' undeclared (first use in this function)
  274 |   HAL_GPIO_WritePin(GPIOA, N_RED_Pin|N_YELLOW_Pin|N_GREEN_Pin|S_RED_Pin
      |                                      ^~~~~~~~~~~~
../Core/Src/main.c:274:51: error: 'N_GREEN_Pin' undeclared (first use in this function)
  274 |   HAL_GPIO_WritePin(GPIOA, N_RED_Pin|N_YELLOW_Pin|N_GREEN_Pin|S_RED_Pin
      |                                                   ^~~~~~~~~~~
../Core/Src/main.c:274:63: error: 'S_RED_Pin' undeclared (first use in this function)
  274 |   HAL_GPIO_WritePin(GPIOA, N_RED_Pin|N_YELLOW_Pin|N_GREEN_Pin|S_RED_Pin
      |                                                               ^~~~~~~~~
../Core/Src/main.c:275:28: error: 'S_YELLOW_Pin' undeclared (first use in this function)
  275 |                           |S_YELLOW_Pin|S_GREEN_Pin|E_RED_Pin|E_YELLOW_Pin
      |                            ^~~~~~~~~~~~
../Core/Src/main.c:275:41: error: 'S_GREEN_Pin' undeclared (first use in this function)
  275 |                           |S_YELLOW_Pin|S_GREEN_Pin|E_RED_Pin|E_YELLOW_Pin
      |                                         ^~~~~~~~~~~
../Core/Src/main.c:275:53: error: 'E_RED_Pin' undeclared (first use in this function); did you mean 'E_Pin_Pin'?
  275 |                           |S_YELLOW_Pin|S_GREEN_Pin|E_RED_Pin|E_YELLOW_Pin
      |                                                     ^~~~~~~~~
      |                                                     E_Pin_Pin
../Core/Src/main.c:275:63: error: 'E_YELLOW_Pin' undeclared (first use in this function)
  275 |                           |S_YELLOW_Pin|S_GREEN_Pin|E_RED_Pin|E_YELLOW_Pin
      |                                                               ^~~~~~~~~~~~
../Core/Src/main.c:276:28: error: 'E_GREEN_Pin' undeclared (first use in this function)
  276 |                           |E_GREEN_Pin|W_RED_Pin|W_YELLOW_Pin|W_GREEN_Pin, GPIO_PIN_RESET);
      |                            ^~~~~~~~~~~
../Core/Src/main.c:276:40: error: 'W_RED_Pin' undeclared (first use in this function)
  276 |                           |E_GREEN_Pin|W_RED_Pin|W_YELLOW_Pin|W_GREEN_Pin, GPIO_PIN_RESET);
      |                                        ^~~~~~~~~
../Core/Src/main.c:276:50: error: 'W_YELLOW_Pin' undeclared (first use in this function)
  276 |                           |E_GREEN_Pin|W_RED_Pin|W_YELLOW_Pin|W_GREEN_Pin, GPIO_PIN_RESET);
      |                                                  ^~~~~~~~~~~~
../Core/Src/main.c:276:63: error: 'W_GREEN_Pin' undeclared (first use in this function)
  276 |                           |E_GREEN_Pin|W_RED_Pin|W_YELLOW_Pin|W_GREEN_Pin, GPIO_PIN_RESET);
      |                                                               ^~~~~~~~~~~
make: *** [Core/Src/subdir.mk:34: Core/Src/main.o] Error 1
"make -j22 all" terminated with exit code 2. Build might be incomplete.
15:50:44 **** Incremental Build of configuration Debug for project Led_Animations ****
make -j22 all 
arm-none-eabi-gcc "../Core/Src/main.c" -mcpu=cortex-m3 -std=gnu11 -g3 -DDEBUG -DUSE_HAL_DRIVER -DSTM32F103x6 -c -I../Core/Inc -I../Drivers/STM32F1xx_HAL_Driver/Inc -I../Drivers/STM32F1xx_HAL_Driver/Inc/Legacy -I../Drivers/CMSIS/Device/ST/STM32F1xx/Include -I../Drivers/CMSIS/Include -O0 -ffunction-sections -fdata-sections -Wall -fstack-usage -MMD -MP -MF"Core/Src/main.d" -MT"Core/Src/main.o" --specs=nano.specs -mfloat-abi=soft -mthumb -o "Core/Src/main.o"
arm-none-eabi-gcc -o "Led_Animations.elf" @"objects.list"   -mcpu=cortex-m3 -T"C:\Users\Admin\STM32CubeIDE\workspace_1.7.0\Led_Animations\STM32F103C6UX_FLASH.ld" --specs=nosys.specs -Wl,-Map="Led_Animations.map" -Wl,--gc-sections -static --specs=nano.specs -mfloat-abi=soft -mthumb -Wl,--start-group -lc -lm -Wl,--end-group
Finished building target: Led_Animations.elf
 
arm-none-eabi-size   Led_Animations.elf 
arm-none-eabi-objdump -h -S  Led_Animations.elf  > "Led_Animations.list"
arm-none-eabi-objcopy  -O ihex  Led_Animations.elf  "Led_Animations.hex"
   text	   data	    bss	    dec	    hex	filename
   5208	     20	   1572	   6800	   1a90	Led_Animations.elf
arm-none-eabi-objcopy  -O binary  Led_Animations.elf  "Led_Animations.bin"
Finished building: default.size.stdout
 
Finished building: Led_Animations.hex
Finished building: Led_Animations.list
Finished building: Led_Animations.bin
 
 
 
15:52:36 **** Incremental Build of configuration Debug for project Led_Animations ****
make -j22 all 
arm-none-eabi-gcc "../Core/Src/main.c" -mcpu=cortex-m3 -std=gnu11 -g3 -DDEBUG -DUSE_HAL_DRIVER -DSTM32F103x6 -c -I../Core/Inc -I../Drivers/STM32F1xx_HAL_Driver/Inc -I../Drivers/STM32F1xx_HAL_Driver/Inc/Legacy -I../Drivers/CMSIS/Device/ST/STM32F1xx/Include -I../Drivers/CMSIS/Include -O0 -ffunction-sections -fdata-sections -Wall -fstack-usage -MMD -MP -MF"Core/Src/main.d" -MT"Core/Src/main.o" --specs=nano.specs -mfloat-abi=soft -mthumb -o "Core/Src/main.o"
arm-none-eabi-gcc -o "Led_Animations.elf" @"objects.list"   -mcpu=cortex-m3 -T"C:\Users\Admin\STM32CubeIDE\workspace_1.7.0\Led_Animations\STM32F103C6UX_FLASH.ld" --specs=nosys.specs -Wl,-Map="Led_Animations.map" -Wl,--gc-sections -static --specs=nano.specs -mfloat-abi=soft -mthumb -Wl,--start-group -lc -lm -Wl,--end-group
Finished building target: Led_Animations.elf
 
arm-none-eabi-size   Led_Animations.elf 
arm-none-eabi-objdump -h -S  Led_Animations.elf  > "Led_Animations.list"
arm-none-eabi-objcopy  -O ihex  Led_Animations.elf  "Led_Animations.hex"
   text	   data	    bss	    dec	    hex	filename
   5208	     20	   1572	   6800	   1a90	Led_Animations.elf
arm-none-eabi-objcopy  -O binary  Led_Animations.elf  "Led_Animations.bin"
Finished building: default.size.stdout
 
Finished building: Led_Animations.hex
Finished building: Led_Animations.list
Finished building: Led_Animations.bin
 
 
 
15:53:20 **** Incremental Build of configuration Debug for project Led_Animations ****
make -j22 all 
arm-none-eabi-size   Led_Animations.elf 
   text	   data	    bss	    dec	    hex	filename
   5208	     20	   1572	   6800	   1a90	Led_Animations.elf
Finished building: default.size.stdout
 
15:58:30 **** Incremental Build of configuration Debug for project Led_Animations ****
make -j22 all 
arm-none-eabi-gcc "../Core/Src/main.c" -mcpu=cortex-m3 -std=gnu11 -g3 -DDEBUG -DUSE_HAL_DRIVER -DSTM32F103x6 -c -I../Core/Inc -I../Drivers/STM32F1xx_HAL_Driver/Inc -I../Drivers/STM32F1xx_HAL_Driver/Inc/Legacy -I../Drivers/CMSIS/Device/ST/STM32F1xx/Include -I../Drivers/CMSIS/Include -O0 -ffunction-sections -fdata-sections -Wall -fstack-usage -MMD -MP -MF"Core/Src/main.d" -MT"Core/Src/main.o" --specs=nano.specs -mfloat-abi=soft -mthumb -o "Core/Src/main.o"
arm-none-eabi-gcc -o "Led_Animations.elf" @"objects.list"   -mcpu=cortex-m3 -T"C:\Users\Admin\STM32CubeIDE\workspace_1.7.0\Led_Animations\STM32F103C6UX_FLASH.ld" --specs=nosys.specs -Wl,-Map="Led_Animations.map" -Wl,--gc-sections -static --specs=nano.specs -mfloat-abi=soft -mthumb -Wl,--start-group -lc -lm -Wl,--end-group
Finished building target: Led_Animations.elf
 
arm-none-eabi-size   Led_Animations.elf 
arm-none-eabi-objdump -h -S  Led_Animations.elf  > "Led_Animations.list"
arm-none-eabi-objcopy  -O ihex  Led_Animations.elf  "Led_Animations.hex"
   text	   data	    bss	    dec	    hex	filename
   5208	     20	   1572	   6800	   1a90	Led_Animations.elf
arm-none-eabi-objcopy  -O binary  Led_Animations.elf  "Led_Animations.bin"
Finished building: default.size.stdout
 
Finished building: Led_Animations.hex
Finished building: Led_Animations.bin
Finished building: Led_Animations.list
 
 
 
16:06:12 **** Incremental Build of configuration Debug for project Led_Animations ****
make -j22 all 
arm-none-eabi-gcc "../Drivers/STM32F1xx_HAL_Driver/Src/stm32f1xx_hal.c" -mcpu=cortex-m3 -std=gnu11 -g3 -DDEBUG -DUSE_HAL_DRIVER -DSTM32F103x6 -c -I../Core/Inc -I../Drivers/STM32F1xx_HAL_Driver/Inc -I../Drivers/STM32F1xx_HAL_Driver/Inc/Legacy -I../Drivers/CMSIS/Device/ST/STM32F1xx/Include -I../Drivers/CMSIS/Include -O0 -ffunction-sections -fdata-sections -Wall -fstack-usage -MMD -MP -MF"Drivers/STM32F1xx_HAL_Driver/Src/stm32f1xx_hal.d" -MT"Drivers/STM32F1xx_HAL_Driver/Src/stm32f1xx_hal.o" --specs=nano.specs -mfloat-abi=soft -mthumb -o "Drivers/STM32F1xx_HAL_Driver/Src/stm32f1xx_hal.o"
arm-none-eabi-gcc "../Drivers/STM32F1xx_HAL_Driver/Src/stm32f1xx_hal_cortex.c" -mcpu=cortex-m3 -std=gnu11 -g3 -DDEBUG -DUSE_HAL_DRIVER -DSTM32F103x6 -c -I../Core/Inc -I../Drivers/STM32F1xx_HAL_Driver/Inc -I../Drivers/STM32F1xx_HAL_Driver/Inc/Legacy -I../Drivers/CMSIS/Device/ST/STM32F1xx/Include -I../Drivers/CMSIS/Include -O0 -ffunction-sections -fdata-sections -Wall -fstack-usage -MMD -MP -MF"Drivers/STM32F1xx_HAL_Driver/Src/stm32f1xx_hal_cortex.d" -MT"Drivers/STM32F1xx_HAL_Driver/Src/stm32f1xx_hal_cortex.o" --specs=nano.specs -mfloat-abi=soft -mthumb -o "Drivers/STM32F1xx_HAL_Driver/Src/stm32f1xx_hal_cortex.o"
arm-none-eabi-gcc "../Drivers/STM32F1xx_HAL_Driver/Src/stm32f1xx_hal_dma.c" -mcpu=cortex-m3 -std=gnu11 -g3 -DDEBUG -DUSE_HAL_DRIVER -DSTM32F103x6 -c -I../Core/Inc -I../Drivers/STM32F1xx_HAL_Driver/Inc -I../Drivers/STM32F1xx_HAL_Driver/Inc/Legacy -I../Drivers/CMSIS/Device/ST/STM32F1xx/Include -I../Drivers/CMSIS/Include -O0 -ffunction-sections -fdata-sections -Wall -fstack-usage -MMD -MP -MF"Drivers/STM32F1xx_HAL_Driver/Src/stm32f1xx_hal_dma.d" -MT"Drivers/STM32F1xx_HAL_Driver/Src/stm32f1xx_hal_dma.o" --specs=nano.specs -mfloat-abi=soft -mthumb -o "Drivers/STM32F1xx_HAL_Driver/Src/stm32f1xx_hal_dma.o"
arm-none-eabi-gcc "../Drivers/STM32F1xx_HAL_Driver/Src/stm32f1xx_hal_exti.c" -mcpu=cortex-m3 -std=gnu11 -g3 -DDEBUG -DUSE_HAL_DRIVER -DSTM32F103x6 -c -I../Core/Inc -I../Drivers/STM32F1xx_HAL_Driver/Inc -I../Drivers/STM32F1xx_HAL_Driver/Inc/Legacy -I../Drivers/CMSIS/Device/ST/STM32F1xx/Include -I../Drivers/CMSIS/Include -O0 -ffunction-sections -fdata-sections -Wall -fstack-usage -MMD -MP -MF"Drivers/STM32F1xx_HAL_Driver/Src/stm32f1xx_hal_exti.d" -MT"Drivers/STM32F1xx_HAL_Driver/Src/stm32f1xx_hal_exti.o" --specs=nano.specs -mfloat-abi=soft -mthumb -o "Drivers/STM32F1xx_HAL_Driver/Src/stm32f1xx_hal_exti.o"
arm-none-eabi-gcc "../Drivers/STM32F1xx_HAL_Driver/Src/stm32f1xx_hal_flash.c" -mcpu=cortex-m3 -std=gnu11 -g3 -DDEBUG -DUSE_HAL_DRIVER -DSTM32F103x6 -c -I../Core/Inc -I../Drivers/STM32F1xx_HAL_Driver/Inc -I../Drivers/STM32F1xx_HAL_Driver/Inc/Legacy -I../Drivers/CMSIS/Device/ST/STM32F1xx/Include -I../Drivers/CMSIS/Include -O0 -ffunction-sections -fdata-sections -Wall -fstack-usage -MMD -MP -MF"Drivers/STM32F1xx_HAL_Driver/Src/stm32f1xx_hal_flash.d" -MT"Drivers/STM32F1xx_HAL_Driver/Src/stm32f1xx_hal_flash.o" --specs=nano.specs -mfloat-abi=soft -mthumb -o "Drivers/STM32F1xx_HAL_Driver/Src/stm32f1xx_hal_flash.o"
arm-none-eabi-gcc "../Drivers/STM32F1xx_HAL_Driver/Src/stm32f1xx_hal_flash_ex.c" -mcpu=cortex-m3 -std=gnu11 -g3 -DDEBUG -DUSE_HAL_DRIVER -DSTM32F103x6 -c -I../Core/Inc -I../Drivers/STM32F1xx_HAL_Driver/Inc -I../Drivers/STM32F1xx_HAL_Driver/Inc/Legacy -I../Drivers/CMSIS/Device/ST/STM32F1xx/Include -I../Drivers/CMSIS/Include -O0 -ffunction-sections -fdata-sections -Wall -fstack-usage -MMD -MP -MF"Drivers/STM32F1xx_HAL_Driver/Src/stm32f1xx_hal_flash_ex.d" -MT"Drivers/STM32F1xx_HAL_Driver/Src/stm32f1xx_hal_flash_ex.o" --specs=nano.specs -mfloat-abi=soft -mthumb -o "Drivers/STM32F1xx_HAL_Driver/Src/stm32f1xx_hal_flash_ex.o"
arm-none-eabi-gcc "../Drivers/STM32F1xx_HAL_Driver/Src/stm32f1xx_hal_gpio.c" -mcpu=cortex-m3 -std=gnu11 -g3 -DDEBUG -DUSE_HAL_DRIVER -DSTM32F103x6 -c -I../Core/Inc -I../Drivers/STM32F1xx_HAL_Driver/Inc -I../Drivers/STM32F1xx_HAL_Driver/Inc/Legacy -I../Drivers/CMSIS/Device/ST/STM32F1xx/Include -I../Drivers/CMSIS/Include -O0 -ffunction-sections -fdata-sections -Wall -fstack-usage -MMD -MP -MF"Drivers/STM32F1xx_HAL_Driver/Src/stm32f1xx_hal_gpio.d" -MT"Drivers/STM32F1xx_HAL_Driver/Src/stm32f1xx_hal_gpio.o" --specs=nano.specs -mfloat-abi=soft -mthumb -o "Drivers/STM32F1xx_HAL_Driver/Src/stm32f1xx_hal_gpio.o"
arm-none-eabi-gcc "../Drivers/STM32F1xx_HAL_Driver/Src/stm32f1xx_hal_gpio_ex.c" -mcpu=cortex-m3 -std=gnu11 -g3 -DDEBUG -DUSE_HAL_DRIVER -DSTM32F103x6 -c -I../Core/Inc -I../Drivers/STM32F1xx_HAL_Driver/Inc -I../Drivers/STM32F1xx_HAL_Driver/Inc/Legacy -I../Drivers/CMSIS/Device/ST/STM32F1xx/Include -I../Drivers/CMSIS/Include -O0 -ffunction-sections -fdata-sections -Wall -fstack-usage -MMD -MP -MF"Drivers/STM32F1xx_HAL_Driver/Src/stm32f1xx_hal_gpio_ex.d" -MT"Drivers/STM32F1xx_HAL_Driver/Src/stm32f1xx_hal_gpio_ex.o" --specs=nano.specs -mfloat-abi=soft -mthumb -o "Drivers/STM32F1xx_HAL_Driver/Src/stm32f1xx_hal_gpio_ex.o"
arm-none-eabi-gcc "../Drivers/STM32F1xx_HAL_Driver/Src/stm32f1xx_hal_pwr.c" -mcpu=cortex-m3 -std=gnu11 -g3 -DDEBUG -DUSE_HAL_DRIVER -DSTM32F103x6 -c -I../Core/Inc -I../Drivers/STM32F1xx_HAL_Driver/Inc -I../Drivers/STM32F1xx_HAL_Driver/Inc/Legacy -I../Drivers/CMSIS/Device/ST/STM32F1xx/Include -I../Drivers/CMSIS/Include -O0 -ffunction-sections -fdata-sections -Wall -fstack-usage -MMD -MP -MF"Drivers/STM32F1xx_HAL_Driver/Src/stm32f1xx_hal_pwr.d" -MT"Drivers/STM32F1xx_HAL_Driver/Src/stm32f1xx_hal_pwr.o" --specs=nano.specs -mfloat-abi=soft -mthumb -o "Drivers/STM32F1xx_HAL_Driver/Src/stm32f1xx_hal_pwr.o"
arm-none-eabi-gcc "../Drivers/STM32F1xx_HAL_Driver/Src/stm32f1xx_hal_rcc.c" -mcpu=cortex-m3 -std=gnu11 -g3 -DDEBUG -DUSE_HAL_DRIVER -DSTM32F103x6 -c -I../Core/Inc -I../Drivers/STM32F1xx_HAL_Driver/Inc -I../Drivers/STM32F1xx_HAL_Driver/Inc/Legacy -I../Drivers/CMSIS/Device/ST/STM32F1xx/Include -I../Drivers/CMSIS/Include -O0 -ffunction-sections -fdata-sections -Wall -fstack-usage -MMD -MP -MF"Drivers/STM32F1xx_HAL_Driver/Src/stm32f1xx_hal_rcc.d" -MT"Drivers/STM32F1xx_HAL_Driver/Src/stm32f1xx_hal_rcc.o" --specs=nano.specs -mfloat-abi=soft -mthumb -o "Drivers/STM32F1xx_HAL_Driver/Src/stm32f1xx_hal_rcc.o"
arm-none-eabi-gcc "../Drivers/STM32F1xx_HAL_Driver/Src/stm32f1xx_hal_rcc_ex.c" -mcpu=cortex-m3 -std=gnu11 -g3 -DDEBUG -DUSE_HAL_DRIVER -DSTM32F103x6 -c -I../Core/Inc -I../Drivers/STM32F1xx_HAL_Driver/Inc -I../Drivers/STM32F1xx_HAL_Driver/Inc/Legacy -I../Drivers/CMSIS/Device/ST/STM32F1xx/Include -I../Drivers/CMSIS/Include -O0 -ffunction-sections -fdata-sections -Wall -fstack-usage -MMD -MP -MF"Drivers/STM32F1xx_HAL_Driver/Src/stm32f1xx_hal_rcc_ex.d" -MT"Drivers/STM32F1xx_HAL_Driver/Src/stm32f1xx_hal_rcc_ex.o" --specs=nano.specs -mfloat-abi=soft -mthumb -o "Drivers/STM32F1xx_HAL_Driver/Src/stm32f1xx_hal_rcc_ex.o"
arm-none-eabi-gcc "../Drivers/STM32F1xx_HAL_Driver/Src/stm32f1xx_hal_tim.c" -mcpu=cortex-m3 -std=gnu11 -g3 -DDEBUG -DUSE_HAL_DRIVER -DSTM32F103x6 -c -I../Core/Inc -I../Drivers/STM32F1xx_HAL_Driver/Inc -I../Drivers/STM32F1xx_HAL_Driver/Inc/Legacy -I../Drivers/CMSIS/Device/ST/STM32F1xx/Include -I../Drivers/CMSIS/Include -O0 -ffunction-sections -fdata-sections -Wall -fstack-usage -MMD -MP -MF"Drivers/STM32F1xx_HAL_Driver/Src/stm32f1xx_hal_tim.d" -MT"Drivers/STM32F1xx_HAL_Driver/Src/stm32f1xx_hal_tim.o" --specs=nano.specs -mfloat-abi=soft -mthumb -o "Drivers/STM32F1xx_HAL_Driver/Src/stm32f1xx_hal_tim.o"
arm-none-eabi-gcc "../Drivers/STM32F1xx_HAL_Driver/Src/stm32f1xx_hal_tim_ex.c" -mcpu=cortex-m3 -std=gnu11 -g3 -DDEBUG -DUSE_HAL_DRIVER -DSTM32F103x6 -c -I../Core/Inc -I../Drivers/STM32F1xx_HAL_Driver/Inc -I../Drivers/STM32F1xx_HAL_Driver/Inc/Legacy -I../Drivers/CMSIS/Device/ST/STM32F1xx/Include -I../Drivers/CMSIS/Include -O0 -ffunction-sections -fdata-sections -Wall -fstack-usage -MMD -MP -MF"Drivers/STM32F1xx_HAL_Driver/Src/stm32f1xx_hal_tim_ex.d" -MT"Drivers/STM32F1xx_HAL_Driver/Src/stm32f1xx_hal_tim_ex.o" --specs=nano.specs -mfloat-abi=soft -mthumb -o "Drivers/STM32F1xx_HAL_Driver/Src/stm32f1xx_hal_tim_ex.o"
arm-none-eabi-gcc "../Core/Src/main.c" -mcpu=cortex-m3 -std=gnu11 -g3 -DDEBUG -DUSE_HAL_DRIVER -DSTM32F103x6 -c -I../Core/Inc -I../Drivers/STM32F1xx_HAL_Driver/Inc -I../Drivers/STM32F1xx_HAL_Driver/Inc/Legacy -I../Drivers/CMSIS/Device/ST/STM32F1xx/Include -I../Drivers/CMSIS/Include -O0 -ffunction-sections -fdata-sections -Wall -fstack-usage -MMD -MP -MF"Core/Src/main.d" -MT"Core/Src/main.o" --specs=nano.specs -mfloat-abi=soft -mthumb -o "Core/Src/main.o"
arm-none-eabi-gcc "../Core/Src/stm32f1xx_hal_msp.c" -mcpu=cortex-m3 -std=gnu11 -g3 -DDEBUG -DUSE_HAL_DRIVER -DSTM32F103x6 -c -I../Core/Inc -I../Drivers/STM32F1xx_HAL_Driver/Inc -I../Drivers/STM32F1xx_HAL_Driver/Inc/Legacy -I../Drivers/CMSIS/Device/ST/STM32F1xx/Include -I../Drivers/CMSIS/Include -O0 -ffunction-sections -fdata-sections -Wall -fstack-usage -MMD -MP -MF"Core/Src/stm32f1xx_hal_msp.d" -MT"Core/Src/stm32f1xx_hal_msp.o" --specs=nano.specs -mfloat-abi=soft -mthumb -o "Core/Src/stm32f1xx_hal_msp.o"
arm-none-eabi-gcc "../Core/Src/stm32f1xx_it.c" -mcpu=cortex-m3 -std=gnu11 -g3 -DDEBUG -DUSE_HAL_DRIVER -DSTM32F103x6 -c -I../Core/Inc -I../Drivers/STM32F1xx_HAL_Driver/Inc -I../Drivers/STM32F1xx_HAL_Driver/Inc/Legacy -I../Drivers/CMSIS/Device/ST/STM32F1xx/Include -I../Drivers/CMSIS/Include -O0 -ffunction-sections -fdata-sections -Wall -fstack-usage -MMD -MP -MF"Core/Src/stm32f1xx_it.d" -MT"Core/Src/stm32f1xx_it.o" --specs=nano.specs -mfloat-abi=soft -mthumb -o "Core/Src/stm32f1xx_it.o"
arm-none-eabi-gcc "../Core/Src/system_stm32f1xx.c" -mcpu=cortex-m3 -std=gnu11 -g3 -DDEBUG -DUSE_HAL_DRIVER -DSTM32F103x6 -c -I../Core/Inc -I../Drivers/STM32F1xx_HAL_Driver/Inc -I../Drivers/STM32F1xx_HAL_Driver/Inc/Legacy -I../Drivers/CMSIS/Device/ST/STM32F1xx/Include -I../Drivers/CMSIS/Include -O0 -ffunction-sections -fdata-sections -Wall -fstack-usage -MMD -MP -MF"Core/Src/system_stm32f1xx.d" -MT"Core/Src/system_stm32f1xx.o" --specs=nano.specs -mfloat-abi=soft -mthumb -o "Core/Src/system_stm32f1xx.o"
../Core/Src/main.c: In function 'trafficPhaseBoth':
../Core/Src/main.c:89:9: warning: implicit declaration of function 'display7SEG' [-Wimplicit-function-declaration]
   89 |         display7SEG(nsCount - i);   // SEG1 - đếm ngược cho NS
      |         ^~~~~~~~~~~
../Core/Src/main.c:90:9: warning: implicit declaration of function 'display7SEG2' [-Wimplicit-function-declaration]
   90 |         display7SEG2(ewCount - i);  // SEG2 - đếm ngược cho EW
      |         ^~~~~~~~~~~~
../Core/Src/main.c: At top level:
../Core/Src/main.c:97:6: warning: conflicting types for 'display7SEG'
   97 | void display7SEG(int num)
      |      ^~~~~~~~~~~
../Core/Src/main.c:89:9: note: previous implicit declaration of 'display7SEG' was here
   89 |         display7SEG(nsCount - i);   // SEG1 - đếm ngược cho NS
      |         ^~~~~~~~~~~
../Core/Src/main.c:122:6: warning: conflicting types for 'display7SEG2'
  122 | void display7SEG2(int num)
      |      ^~~~~~~~~~~~
../Core/Src/main.c:90:9: note: previous implicit declaration of 'display7SEG2' was here
   90 |         display7SEG2(ewCount - i);  // SEG2 - đếm ngược cho EW
      |         ^~~~~~~~~~~~
arm-none-eabi-gcc -o "Led_Animations.elf" @"objects.list"   -mcpu=cortex-m3 -T"C:\Users\Admin\STM32CubeIDE\workspace_1.7.0\Led_Animations\STM32F103C6UX_FLASH.ld" --specs=nosys.specs -Wl,-Map="Led_Animations.map" -Wl,--gc-sections -static --specs=nano.specs -mfloat-abi=soft -mthumb -Wl,--start-group -lc -lm -Wl,--end-group
Finished building target: Led_Animations.elf
 
arm-none-eabi-size   Led_Animations.elf 
arm-none-eabi-objdump -h -S  Led_Animations.elf  > "Led_Animations.list"
arm-none-eabi-objcopy  -O ihex  Led_Animations.elf  "Led_Animations.hex"
   text	   data	    bss	    dec	    hex	filename
   5460	     20	   1572	   7052	   1b8c	Led_Animations.elf
arm-none-eabi-objcopy  -O binary  Led_Animations.elf  "Led_Animations.bin"
Finished building: default.size.stdout
 
Finished building: Led_Animations.hex
Finished building: Led_Animations.bin
 
Finished building: Led_Animations.list
 
 
16:25:40 **** Incremental Build of configuration Debug for project Led_Animations ****
make -j22 all 
arm-none-eabi-gcc "../Core/Src/main.c" -mcpu=cortex-m3 -std=gnu11 -g3 -DDEBUG -DUSE_HAL_DRIVER -DSTM32F103x6 -c -I../Core/Inc -I../Drivers/STM32F1xx_HAL_Driver/Inc -I../Drivers/STM32F1xx_HAL_Driver/Inc/Legacy -I../Drivers/CMSIS/Device/ST/STM32F1xx/Include -I../Drivers/CMSIS/Include -O0 -ffunction-sections -fdata-sections -Wall -fstack-usage -MMD -MP -MF"Core/Src/main.d" -MT"Core/Src/main.o" --specs=nano.specs -mfloat-abi=soft -mthumb -o "Core/Src/main.o"
arm-none-eabi-gcc -o "Led_Animations.elf" @"objects.list"   -mcpu=cortex-m3 -T"C:\Users\Admin\STM32CubeIDE\workspace_1.7.0\Led_Animations\STM32F103C6UX_FLASH.ld" --specs=nosys.specs -Wl,-Map="Led_Animations.map" -Wl,--gc-sections -static --specs=nano.specs -mfloat-abi=soft -mthumb -Wl,--start-group -lc -lm -Wl,--end-group
Finished building target: Led_Animations.elf
 
arm-none-eabi-size   Led_Animations.elf 
arm-none-eabi-objdump -h -S  Led_Animations.elf  > "Led_Animations.list"
arm-none-eabi-objcopy  -O ihex  Led_Animations.elf  "Led_Animations.hex"
arm-none-eabi-objcopy  -O binary  Led_Animations.elf  "Led_Animations.bin"
   text	   data	    bss	    dec	    hex	filename
   4772	     20	   1572	   6364	   18dc	Led_Animations.elf
Finished building: default.size.stdout
 
Finished building: Led_Animations.hex
Finished building: Led_Animations.bin
Finished building: Led_Animations.list
 
 
 
16:29:44 **** Incremental Build of configuration Debug for project Led_Animations ****
make -j22 all 
arm-none-eabi-gcc "../Core/Src/main.c" -mcpu=cortex-m3 -std=gnu11 -g3 -DDEBUG -DUSE_HAL_DRIVER -DSTM32F103x6 -c -I../Core/Inc -I../Drivers/STM32F1xx_HAL_Driver/Inc -I../Drivers/STM32F1xx_HAL_Driver/Inc/Legacy -I../Drivers/CMSIS/Device/ST/STM32F1xx/Include -I../Drivers/CMSIS/Include -O0 -ffunction-sections -fdata-sections -Wall -fstack-usage -MMD -MP -MF"Core/Src/main.d" -MT"Core/Src/main.o" --specs=nano.specs -mfloat-abi=soft -mthumb -o "Core/Src/main.o"
arm-none-eabi-gcc -o "Led_Animations.elf" @"objects.list"   -mcpu=cortex-m3 -T"C:\Users\Admin\STM32CubeIDE\workspace_1.7.0\Led_Animations\STM32F103C6UX_FLASH.ld" --specs=nosys.specs -Wl,-Map="Led_Animations.map" -Wl,--gc-sections -static --specs=nano.specs -mfloat-abi=soft -mthumb -Wl,--start-group -lc -lm -Wl,--end-group
Finished building target: Led_Animations.elf
 
arm-none-eabi-size   Led_Animations.elf 
arm-none-eabi-objdump -h -S  Led_Animations.elf  > "Led_Animations.list"
arm-none-eabi-objcopy  -O ihex  Led_Animations.elf  "Led_Animations.hex"
   text	   data	    bss	    dec	    hex	filename
   4624	     20	   1572	   6216	   1848	Led_Animations.elf
arm-none-eabi-objcopy  -O binary  Led_Animations.elf  "Led_Animations.bin"
Finished building: default.size.stdout
 
Finished building: Led_Animations.hex
Finished building: Led_Animations.bin
 
 
Finished building: Led_Animations.list
 
16:34:54 **** Incremental Build of configuration Debug for project Led_Animations ****
make -j22 all 
arm-none-eabi-gcc "../Core/Src/main.c" -mcpu=cortex-m3 -std=gnu11 -g3 -DDEBUG -DUSE_HAL_DRIVER -DSTM32F103x6 -c -I../Core/Inc -I../Drivers/STM32F1xx_HAL_Driver/Inc -I../Drivers/STM32F1xx_HAL_Driver/Inc/Legacy -I../Drivers/CMSIS/Device/ST/STM32F1xx/Include -I../Drivers/CMSIS/Include -O0 -ffunction-sections -fdata-sections -Wall -fstack-usage -MMD -MP -MF"Core/Src/main.d" -MT"Core/Src/main.o" --specs=nano.specs -mfloat-abi=soft -mthumb -o "Core/Src/main.o"
arm-none-eabi-gcc -o "Led_Animations.elf" @"objects.list"   -mcpu=cortex-m3 -T"C:\Users\Admin\STM32CubeIDE\workspace_1.7.0\Led_Animations\STM32F103C6UX_FLASH.ld" --specs=nosys.specs -Wl,-Map="Led_Animations.map" -Wl,--gc-sections -static --specs=nano.specs -mfloat-abi=soft -mthumb -Wl,--start-group -lc -lm -Wl,--end-group
Finished building target: Led_Animations.elf
 
arm-none-eabi-size   Led_Animations.elf 
arm-none-eabi-objdump -h -S  Led_Animations.elf  > "Led_Animations.list"
arm-none-eabi-objcopy  -O ihex  Led_Animations.elf  "Led_Animations.hex"
   text	   data	    bss	    dec	    hex	filename
   4624	     20	   1572	   6216	   1848	Led_Animations.elf
arm-none-eabi-objcopy  -O binary  Led_Animations.elf  "Led_Animations.bin"
Finished building: default.size.stdout
 
Finished building: Led_Animations.hex
Finished building: Led_Animations.bin
 
Finished building: Led_Animations.list
 
 
16:42:16 **** Incremental Build of configuration Debug for project Led_Animations ****
make -j22 all 
arm-none-eabi-gcc "../Core/Src/main.c" -mcpu=cortex-m3 -std=gnu11 -g3 -DDEBUG -DUSE_HAL_DRIVER -DSTM32F103x6 -c -I../Core/Inc -I../Drivers/STM32F1xx_HAL_Driver/Inc -I../Drivers/STM32F1xx_HAL_Driver/Inc/Legacy -I../Drivers/CMSIS/Device/ST/STM32F1xx/Include -I../Drivers/CMSIS/Include -O0 -ffunction-sections -fdata-sections -Wall -fstack-usage -MMD -MP -MF"Core/Src/main.d" -MT"Core/Src/main.o" --specs=nano.specs -mfloat-abi=soft -mthumb -o "Core/Src/main.o"
arm-none-eabi-gcc -o "Led_Animations.elf" @"objects.list"   -mcpu=cortex-m3 -T"C:\Users\Admin\STM32CubeIDE\workspace_1.7.0\Led_Animations\STM32F103C6UX_FLASH.ld" --specs=nosys.specs -Wl,-Map="Led_Animations.map" -Wl,--gc-sections -static --specs=nano.specs -mfloat-abi=soft -mthumb -Wl,--start-group -lc -lm -Wl,--end-group
Finished building target: Led_Animations.elf
 
arm-none-eabi-size   Led_Animations.elf 
arm-none-eabi-objdump -h -S  Led_Animations.elf  > "Led_Animations.list"
arm-none-eabi-objcopy  -O ihex  Led_Animations.elf  "Led_Animations.hex"
   text	   data	    bss	    dec	    hex	filename
   4536	     20	   1572	   6128	   17f0	Led_Animations.elf
arm-none-eabi-objcopy  -O binary  Led_Animations.elf  "Led_Animations.bin"
Finished building: default.size.stdout
 
Finished building: Led_Animations.hex
Finished building: Led_Animations.bin
 
Finished building: Led_Animations.list
 
 
16:44:22 **** Incremental Build of configuration Debug for project Led_Animations ****
make -j22 all 
arm-none-eabi-gcc "../Core/Src/main.c" -mcpu=cortex-m3 -std=gnu11 -g3 -DDEBUG -DUSE_HAL_DRIVER -DSTM32F103x6 -c -I../Core/Inc -I../Drivers/STM32F1xx_HAL_Driver/Inc -I../Drivers/STM32F1xx_HAL_Driver/Inc/Legacy -I../Drivers/CMSIS/Device/ST/STM32F1xx/Include -I../Drivers/CMSIS/Include -O0 -ffunction-sections -fdata-sections -Wall -fstack-usage -MMD -MP -MF"Core/Src/main.d" -MT"Core/Src/main.o" --specs=nano.specs -mfloat-abi=soft -mthumb -o "Core/Src/main.o"
arm-none-eabi-gcc -o "Led_Animations.elf" @"objects.list"   -mcpu=cortex-m3 -T"C:\Users\Admin\STM32CubeIDE\workspace_1.7.0\Led_Animations\STM32F103C6UX_FLASH.ld" --specs=nosys.specs -Wl,-Map="Led_Animations.map" -Wl,--gc-sections -static --specs=nano.specs -mfloat-abi=soft -mthumb -Wl,--start-group -lc -lm -Wl,--end-group
Finished building target: Led_Animations.elf
 
arm-none-eabi-size   Led_Animations.elf 
arm-none-eabi-objdump -h -S  Led_Animations.elf  > "Led_Animations.list"
arm-none-eabi-objcopy  -O ihex  Led_Animations.elf  "Led_Animations.hex"
   text	   data	    bss	    dec	    hex	filename
   4736	     20	   1572	   6328	   18b8	Led_Animations.elf
arm-none-eabi-objcopy  -O binary  Led_Animations.elf  "Led_Animations.bin"
Finished building: default.size.stdout
 
Finished building: Led_Animations.hex
Finished building: Led_Animations.bin
 
Finished building: Led_Animations.list
 
 
16:46:35 **** Incremental Build of configuration Debug for project Led_Animations ****
make -j22 all 
arm-none-eabi-gcc "../Core/Src/main.c" -mcpu=cortex-m3 -std=gnu11 -g3 -DDEBUG -DUSE_HAL_DRIVER -DSTM32F103x6 -c -I../Core/Inc -I../Drivers/STM32F1xx_HAL_Driver/Inc -I../Drivers/STM32F1xx_HAL_Driver/Inc/Legacy -I../Drivers/CMSIS/Device/ST/STM32F1xx/Include -I../Drivers/CMSIS/Include -O0 -ffunction-sections -fdata-sections -Wall -fstack-usage -MMD -MP -MF"Core/Src/main.d" -MT"Core/Src/main.o" --specs=nano.specs -mfloat-abi=soft -mthumb -o "Core/Src/main.o"
arm-none-eabi-gcc -o "Led_Animations.elf" @"objects.list"   -mcpu=cortex-m3 -T"C:\Users\Admin\STM32CubeIDE\workspace_1.7.0\Led_Animations\STM32F103C6UX_FLASH.ld" --specs=nosys.specs -Wl,-Map="Led_Animations.map" -Wl,--gc-sections -static --specs=nano.specs -mfloat-abi=soft -mthumb -Wl,--start-group -lc -lm -Wl,--end-group
Finished building target: Led_Animations.elf
 
arm-none-eabi-size   Led_Animations.elf 
arm-none-eabi-objdump -h -S  Led_Animations.elf  > "Led_Animations.list"
arm-none-eabi-objcopy  -O ihex  Led_Animations.elf  "Led_Animations.hex"
arm-none-eabi-objcopy  -O binary  Led_Animations.elf  "Led_Animations.bin"
   text	   data	    bss	    dec	    hex	filename
   4620	     20	   1572	   6212	   1844	Led_Animations.elf
Finished building: default.size.stdout
 
Finished building: Led_Animations.hex
Finished building: Led_Animations.bin
 
Finished building: Led_Animations.list
 
 
16:49:59 **** Incremental Build of configuration Debug for project Led_Animations ****
make -j22 all 
arm-none-eabi-gcc "../Core/Src/main.c" -mcpu=cortex-m3 -std=gnu11 -g3 -DDEBUG -DUSE_HAL_DRIVER -DSTM32F103x6 -c -I../Core/Inc -I../Drivers/STM32F1xx_HAL_Driver/Inc -I../Drivers/STM32F1xx_HAL_Driver/Inc/Legacy -I../Drivers/CMSIS/Device/ST/STM32F1xx/Include -I../Drivers/CMSIS/Include -O0 -ffunction-sections -fdata-sections -Wall -fstack-usage -MMD -MP -MF"Core/Src/main.d" -MT"Core/Src/main.o" --specs=nano.specs -mfloat-abi=soft -mthumb -o "Core/Src/main.o"
arm-none-eabi-gcc -o "Led_Animations.elf" @"objects.list"   -mcpu=cortex-m3 -T"C:\Users\Admin\STM32CubeIDE\workspace_1.7.0\Led_Animations\STM32F103C6UX_FLASH.ld" --specs=nosys.specs -Wl,-Map="Led_Animations.map" -Wl,--gc-sections -static --specs=nano.specs -mfloat-abi=soft -mthumb -Wl,--start-group -lc -lm -Wl,--end-group
Finished building target: Led_Animations.elf
 
arm-none-eabi-size   Led_Animations.elf 
arm-none-eabi-objdump -h -S  Led_Animations.elf  > "Led_Animations.list"
arm-none-eabi-objcopy  -O ihex  Led_Animations.elf  "Led_Animations.hex"
   text	   data	    bss	    dec	    hex	filename
   4736	     20	   1572	   6328	   18b8	Led_Animations.elf
arm-none-eabi-objcopy  -O binary  Led_Animations.elf  "Led_Animations.bin"
Finished building: default.size.stdout
 
Finished building: Led_Animations.hex
Finished building: Led_Animations.list
Finished building: Led_Animations.bin
 
 
 
16:51:18 **** Incremental Build of configuration Debug for project Led_Animations ****
make -j22 all 
arm-none-eabi-gcc "../Core/Src/main.c" -mcpu=cortex-m3 -std=gnu11 -g3 -DDEBUG -DUSE_HAL_DRIVER -DSTM32F103x6 -c -I../Core/Inc -I../Drivers/STM32F1xx_HAL_Driver/Inc -I../Drivers/STM32F1xx_HAL_Driver/Inc/Legacy -I../Drivers/CMSIS/Device/ST/STM32F1xx/Include -I../Drivers/CMSIS/Include -O0 -ffunction-sections -fdata-sections -Wall -fstack-usage -MMD -MP -MF"Core/Src/main.d" -MT"Core/Src/main.o" --specs=nano.specs -mfloat-abi=soft -mthumb -o "Core/Src/main.o"
arm-none-eabi-gcc -o "Led_Animations.elf" @"objects.list"   -mcpu=cortex-m3 -T"C:\Users\Admin\STM32CubeIDE\workspace_1.7.0\Led_Animations\STM32F103C6UX_FLASH.ld" --specs=nosys.specs -Wl,-Map="Led_Animations.map" -Wl,--gc-sections -static --specs=nano.specs -mfloat-abi=soft -mthumb -Wl,--start-group -lc -lm -Wl,--end-group
Finished building target: Led_Animations.elf
 
arm-none-eabi-size   Led_Animations.elf 
arm-none-eabi-objdump -h -S  Led_Animations.elf  > "Led_Animations.list"
arm-none-eabi-objcopy  -O ihex  Led_Animations.elf  "Led_Animations.hex"
   text	   data	    bss	    dec	    hex	filename
   4736	     20	   1572	   6328	   18b8	Led_Animations.elf
arm-none-eabi-objcopy  -O binary  Led_Animations.elf  "Led_Animations.bin"
Finished building: default.size.stdout
 
Finished building: Led_Animations.hex
Finished building: Led_Animations.bin
Finished building: Led_Animations.list
 
 
 
